Date,Open,High,Low,Close,Currency
2010-01-01,1.7425,1.7425,1.7425,1.7425,BRL
2010-01-04,1.7288,1.7338,1.7168,1.7212,BRL
2010-01-05,1.7183,1.7388,1.7143,1.73,BRL
2010-01-06,1.7293,1.739,1.7243,1.7322,BRL
2010-01-07,1.73,1.7508,1.7305,1.7455,BRL
2010-01-08,1.7456,1.7517,1.7218,1.7257,BRL
2010-01-11,1.7255,1.7385,1.7148,1.735,BRL
2010-01-12,1.733,1.7496,1.7318,1.747,BRL
2010-01-13,1.7457,1.7612,1.7338,1.7565,BRL
2010-01-14,1.7565,1.773,1.749,1.7575,BRL
2010-01-15,1.7575,1.7737,1.7558,1.7712,BRL
2010-01-18,1.7705,1.7782,1.7588,1.7595,BRL
2010-01-19,1.7595,1.7812,1.76,1.7706,BRL
2010-01-20,1.7694,1.7946,1.7695,1.7885,BRL
2010-01-21,1.7875,1.8087,1.781,1.8025,BRL
2010-01-22,1.8025,1.8326,1.7858,1.8157,BRL
2010-01-25,1.8145,1.8235,1.809,1.8205,BRL
2010-01-26,1.8155,1.8495,1.8131,1.835,BRL
2010-01-27,1.8355,1.8695,1.8303,1.852,BRL
2010-01-28,1.857,1.878,1.8436,1.869,BRL
2010-01-29,1.869,1.8968,1.8475,1.8847,BRL
2010-02-01,1.868,1.8975,1.8463,1.8565,BRL
2010-02-02,1.8462,1.8485,1.824,1.8292,BRL
2010-02-03,1.8292,1.8567,1.8095,1.85,BRL
2010-02-04,1.8405,1.8975,1.8415,1.8734,BRL
2010-02-05,1.8795,1.894,1.8612,1.881,BRL
2010-02-08,1.881,1.889,1.851,1.875,BRL
2010-02-09,1.8696,1.8825,1.8392,1.8465,BRL
2010-02-10,1.8465,1.864,1.831,1.856,BRL
2010-02-11,1.8485,1.8626,1.8385,1.8525,BRL
2010-02-12,1.8525,1.873,1.8455,1.8457,BRL
2010-02-15,1.861,1.861,1.8538,1.8535,BRL
2010-02-16,1.8535,1.8589,1.8371,1.8357,BRL
2010-02-17,1.8385,1.8545,1.8255,1.8321,BRL
2010-02-18,1.832,1.843,1.8071,1.8265,BRL
2010-02-19,1.8215,1.8246,1.7923,1.8035,BRL
2010-02-22,1.7983,1.8121,1.7878,1.811,BRL
2010-02-23,1.8115,1.8305,1.804,1.825,BRL
2010-02-24,1.825,1.8275,1.8163,1.8245,BRL
2010-02-25,1.8244,1.8406,1.8146,1.823,BRL
2010-02-26,1.8236,1.8327,1.7985,1.8067,BRL
2010-03-01,1.8058,1.8137,1.7936,1.7955,BRL
2010-03-02,1.7955,1.7967,1.7799,1.7917,BRL
2010-03-03,1.7917,1.7939,1.774,1.7897,BRL
2010-03-04,1.7895,1.7948,1.782,1.7878,BRL
2010-03-05,1.7876,1.7905,1.7761,1.7777,BRL
2010-03-08,1.7771,1.791,1.7706,1.787,BRL
2010-03-09,1.7875,1.801,1.7752,1.7749,BRL
2010-03-10,1.7751,1.7815,1.7653,1.7682,BRL
2010-03-11,1.7682,1.7751,1.7634,1.7636,BRL
2010-03-12,1.7637,1.769,1.7567,1.762,BRL
2010-03-15,1.7631,1.7685,1.76,1.7628,BRL
2010-03-16,1.7626,1.7699,1.7582,1.7662,BRL
2010-03-17,1.7662,1.7683,1.7583,1.7662,BRL
2010-03-18,1.768,1.792,1.7666,1.7898,BRL
2010-03-19,1.7903,1.8025,1.7839,1.8004,BRL
2010-03-22,1.8004,1.813,1.7869,1.7864,BRL
2010-03-23,1.7864,1.7951,1.7747,1.7762,BRL
2010-03-24,1.7762,1.802,1.7767,1.7997,BRL
2010-03-25,1.7997,1.8201,1.7898,1.818,BRL
2010-03-26,1.8201,1.8302,1.8068,1.8176,BRL
2010-03-29,1.8176,1.8179,1.7918,1.7944,BRL
2010-03-30,1.7944,1.7998,1.7858,1.7887,BRL
2010-03-31,1.7887,1.7909,1.7748,1.7836,BRL
2010-04-01,1.7797,1.7815,1.7635,1.763,BRL
2010-04-02,1.763,1.7655,1.7645,1.764,BRL
2010-04-05,1.764,1.7652,1.7518,1.7609,BRL
2010-04-06,1.7612,1.7705,1.7503,1.7542,BRL
2010-04-07,1.7532,1.7811,1.7513,1.7795,BRL
2010-04-08,1.78,1.7897,1.7698,1.778,BRL
2010-04-09,1.7796,1.7796,1.7629,1.7647,BRL
2010-04-12,1.7622,1.7698,1.7532,1.7532,BRL
2010-04-13,1.7538,1.7682,1.748,1.7485,BRL
2010-04-14,1.7485,1.7505,1.74,1.7446,BRL
2010-04-15,1.7447,1.7588,1.7305,1.7484,BRL
2010-04-16,1.7486,1.7669,1.741,1.756,BRL
2010-04-19,1.7601,1.7686,1.7495,1.7547,BRL
2010-04-20,1.7546,1.756,1.7445,1.7521,BRL
2010-04-21,1.752,1.753,1.7499,1.752,BRL
2010-04-22,1.7521,1.7715,1.7514,1.7643,BRL
2010-04-23,1.7643,1.7672,1.7542,1.7562,BRL
2010-04-26,1.7538,1.7558,1.7415,1.746,BRL
2010-04-27,1.7445,1.7727,1.7441,1.7708,BRL
2010-04-28,1.7595,1.7676,1.7453,1.7507,BRL
2010-04-29,1.7516,1.752,1.7218,1.7288,BRL
2010-04-30,1.7283,1.7402,1.7197,1.734,BRL
2010-05-03,1.737,1.7375,1.7258,1.7267,BRL
2010-05-04,1.7267,1.7649,1.7266,1.7632,BRL
2010-05-05,1.7623,1.7995,1.7626,1.793,BRL
2010-05-06,1.7942,1.8959,1.7898,1.8542,BRL
2010-05-07,1.8542,1.8748,1.818,1.8365,BRL
2010-05-10,1.8365,1.8365,1.7678,1.771,BRL
2010-05-11,1.771,1.7907,1.7715,1.7887,BRL
2010-05-12,1.7887,1.7887,1.7659,1.772,BRL
2010-05-13,1.7719,1.7802,1.7639,1.7733,BRL
2010-05-14,1.7733,1.8177,1.7736,1.797,BRL
2010-05-17,1.797,1.8346,1.7899,1.8,BRL
2010-05-18,1.7999,1.8227,1.7796,1.8201,BRL
2010-05-19,1.8201,1.8583,1.8185,1.8269,BRL
2010-05-20,1.8572,1.8973,1.8513,1.8814,BRL
2010-05-21,1.8814,1.9033,1.844,1.8515,BRL
2010-05-24,1.8529,1.8717,1.8396,1.868,BRL
2010-05-25,1.868,1.9157,1.8431,1.8436,BRL
2010-05-26,1.8437,1.8722,1.8288,1.8715,BRL
2010-05-27,1.8715,1.8715,1.8108,1.8138,BRL
2010-05-28,1.8138,1.8292,1.7986,1.8168,BRL
2010-05-31,1.8145,1.8239,1.7823,1.8198,BRL
2010-06-01,1.8192,1.8475,1.8151,1.8475,BRL
2010-06-02,1.8475,1.849,1.8155,1.8175,BRL
2010-06-03,1.817,1.8229,1.8145,1.8194,BRL
2010-06-04,1.8194,1.8665,1.8191,1.8625,BRL
2010-06-07,1.8625,1.8821,1.8516,1.8785,BRL
2010-06-08,1.8785,1.8805,1.8511,1.8535,BRL
2010-06-09,1.8535,1.8535,1.8341,1.8498,BRL
2010-06-10,1.8498,1.8498,1.8023,1.8015,BRL
2010-06-11,1.8015,1.817,1.7958,1.8087,BRL
2010-06-14,1.8087,1.8123,1.7902,1.8108,BRL
2010-06-15,1.8108,1.8108,1.7822,1.7845,BRL
2010-06-16,1.7846,1.7995,1.7795,1.7851,BRL
2010-06-17,1.785,1.7914,1.775,1.7803,BRL
2010-06-18,1.7803,1.7854,1.7668,1.7708,BRL
2010-06-21,1.7708,1.7748,1.7493,1.7711,BRL
2010-06-22,1.7704,1.7894,1.7611,1.7879,BRL
2010-06-23,1.7879,1.8083,1.7833,1.7866,BRL
2010-06-24,1.7866,1.8025,1.7774,1.782,BRL
2010-06-25,1.782,1.7891,1.774,1.778,BRL
2010-06-28,1.7751,1.7863,1.7732,1.7812,BRL
2010-06-29,1.7801,1.8177,1.7779,1.8116,BRL
2010-06-30,1.811,1.8135,1.789,1.8037,BRL
2010-07-01,1.8037,1.8129,1.7876,1.7896,BRL
2010-07-02,1.7896,1.7969,1.7672,1.7695,BRL
2010-07-05,1.7665,1.781,1.7668,1.7748,BRL
2010-07-06,1.7748,1.7857,1.754,1.7789,BRL
2010-07-07,1.779,1.7865,1.7598,1.7655,BRL
2010-07-08,1.7663,1.7759,1.7554,1.7636,BRL
2010-07-09,1.7636,1.7657,1.757,1.758,BRL
2010-07-12,1.7583,1.7704,1.7562,1.7605,BRL
2010-07-13,1.76,1.7639,1.7484,1.7538,BRL
2010-07-14,1.754,1.7692,1.7516,1.7629,BRL
2010-07-15,1.7628,1.7795,1.7511,1.7628,BRL
2010-07-16,1.7628,1.7882,1.762,1.7824,BRL
2010-07-19,1.784,1.7944,1.767,1.7914,BRL
2010-07-20,1.7914,1.8004,1.7697,1.7735,BRL
2010-07-21,1.7734,1.7859,1.7673,1.7805,BRL
2010-07-22,1.7805,1.7829,1.7558,1.7576,BRL
2010-07-23,1.7575,1.775,1.7528,1.7727,BRL
2010-07-26,1.7727,1.7743,1.7614,1.7615,BRL
2010-07-27,1.7625,1.7726,1.7529,1.7684,BRL
2010-07-28,1.7684,1.7745,1.7563,1.7656,BRL
2010-07-29,1.7695,1.7748,1.7562,1.7597,BRL
2010-07-30,1.7597,1.7718,1.7532,1.7525,BRL
2010-08-02,1.7538,1.7603,1.7435,1.7509,BRL
2010-08-03,1.7509,1.7643,1.7496,1.7554,BRL
2010-08-04,1.7581,1.7668,1.7497,1.7504,BRL
2010-08-05,1.7517,1.7612,1.7491,1.7523,BRL
2010-08-06,1.7523,1.7633,1.75,1.758,BRL
2010-08-09,1.7573,1.7654,1.747,1.746,BRL
2010-08-10,1.746,1.7639,1.7478,1.7524,BRL
2010-08-11,1.7524,1.7763,1.7524,1.7738,BRL
2010-08-12,1.7739,1.7823,1.7658,1.7682,BRL
2010-08-13,1.7682,1.777,1.7654,1.7718,BRL
2010-08-16,1.7721,1.7737,1.7522,1.7567,BRL
2010-08-17,1.754,1.7604,1.7472,1.7544,BRL
2010-08-18,1.7544,1.7579,1.746,1.7513,BRL
2010-08-19,1.7531,1.766,1.7506,1.7564,BRL
2010-08-20,1.7564,1.766,1.7537,1.7559,BRL
2010-08-23,1.7578,1.7708,1.7498,1.769,BRL
2010-08-24,1.769,1.7824,1.7617,1.7708,BRL
2010-08-25,1.7688,1.7776,1.7618,1.7633,BRL
2010-08-26,1.7633,1.7661,1.7563,1.7613,BRL
2010-08-27,1.7613,1.7657,1.7485,1.749,BRL
2010-08-30,1.7494,1.762,1.7481,1.7587,BRL
2010-08-31,1.7587,1.7696,1.7516,1.7548,BRL
2010-09-01,1.7544,1.7629,1.7373,1.7447,BRL
2010-09-02,1.7447,1.7495,1.724,1.7253,BRL
2010-09-03,1.726,1.7367,1.7149,1.7322,BRL
2010-09-06,1.7322,1.7379,1.7218,1.7267,BRL
2010-09-07,1.7267,1.7341,1.7257,1.7318,BRL
2010-09-08,1.7292,1.7351,1.7193,1.7253,BRL
2010-09-09,1.7249,1.7295,1.7185,1.7198,BRL
2010-09-10,1.7195,1.7269,1.7151,1.7213,BRL
2010-09-13,1.7213,1.7225,1.709,1.7095,BRL
2010-09-14,1.7095,1.7175,1.7025,1.7095,BRL
2010-09-15,1.7095,1.7293,1.7066,1.7232,BRL
2010-09-16,1.7232,1.7253,1.7109,1.7118,BRL
2010-09-17,1.7118,1.7232,1.7092,1.7212,BRL
2010-09-20,1.7212,1.7356,1.7123,1.7323,BRL
2010-09-21,1.7332,1.7378,1.709,1.7111,BRL
2010-09-22,1.7111,1.7263,1.7028,1.7182,BRL
2010-09-23,1.7182,1.7273,1.7131,1.7223,BRL
2010-09-24,1.7223,1.7268,1.7067,1.7088,BRL
2010-09-27,1.7119,1.717,1.7052,1.7094,BRL
2010-09-28,1.7094,1.7158,1.704,1.7075,BRL
2010-09-29,1.7075,1.7149,1.6973,1.7,BRL
2010-09-30,1.7,1.7073,1.6858,1.6871,BRL
2010-10-01,1.6871,1.691,1.6723,1.6892,BRL
2010-10-04,1.6894,1.7038,1.681,1.6972,BRL
2010-10-05,1.6972,1.7019,1.6628,1.6631,BRL
2010-10-06,1.6631,1.6902,1.6619,1.6779,BRL
2010-10-07,1.678,1.6901,1.6671,1.6809,BRL
2010-10-08,1.6808,1.6924,1.6634,1.6643,BRL
2010-10-11,1.6653,1.6711,1.6607,1.6701,BRL
2010-10-12,1.6711,1.6716,1.6697,1.6697,BRL
2010-10-13,1.6562,1.6619,1.6507,1.6512,BRL
2010-10-14,1.6524,1.6659,1.6433,1.6595,BRL
2010-10-15,1.6595,1.6676,1.6507,1.6651,BRL
2010-10-18,1.665,1.6779,1.6586,1.672,BRL
2010-10-19,1.672,1.7002,1.6725,1.6821,BRL
2010-10-20,1.6821,1.6834,1.6696,1.6757,BRL
2010-10-21,1.6757,1.7033,1.671,1.6964,BRL
2010-10-22,1.6964,1.7133,1.6879,1.7054,BRL
2010-10-25,1.7054,1.7143,1.6944,1.6953,BRL
2010-10-26,1.6953,1.7103,1.6931,1.7028,BRL
2010-10-27,1.7028,1.7254,1.7016,1.7198,BRL
2010-10-28,1.7198,1.7208,1.7039,1.704,BRL
2010-10-29,1.704,1.7125,1.6945,1.7007,BRL
2010-11-01,1.7007,1.7093,1.6927,1.7033,BRL
2010-11-02,1.7033,1.704,1.7038,1.7037,BRL
2010-11-03,1.7043,1.7052,1.6873,1.6896,BRL
2010-11-04,1.6838,1.6884,1.6685,1.6695,BRL
2010-11-05,1.6695,1.6846,1.67,1.6785,BRL
2010-11-08,1.6783,1.702,1.6786,1.6998,BRL
2010-11-09,1.6998,1.704,1.6894,1.7002,BRL
2010-11-10,1.7002,1.7176,1.6982,1.7071,BRL
2010-11-11,1.7071,1.724,1.7042,1.7153,BRL
2010-11-12,1.7153,1.728,1.7107,1.7214,BRL
2010-11-15,1.7214,1.7221,1.7208,1.7216,BRL
2010-11-16,1.7216,1.7427,1.7207,1.7398,BRL
2010-11-17,1.7398,1.7416,1.7212,1.7259,BRL
2010-11-18,1.7259,1.7278,1.7092,1.711,BRL
2010-11-19,1.7107,1.7243,1.7065,1.7149,BRL
2010-11-22,1.7149,1.7306,1.7095,1.7208,BRL
2010-11-23,1.7228,1.7418,1.7218,1.7354,BRL
2010-11-24,1.7348,1.7352,1.7174,1.7205,BRL
2010-11-25,1.7213,1.7268,1.7167,1.7206,BRL
2010-11-26,1.735,1.7388,1.7228,1.7264,BRL
2010-11-29,1.7264,1.7348,1.7157,1.7178,BRL
2010-11-30,1.7178,1.7272,1.7118,1.7145,BRL
2010-12-01,1.7135,1.7167,1.7015,1.705,BRL
2010-12-02,1.705,1.7078,1.6954,1.6955,BRL
2010-12-03,1.6957,1.7034,1.6833,1.687,BRL
2010-12-06,1.6844,1.6924,1.6742,1.6744,BRL
2010-12-07,1.6727,1.6842,1.6676,1.6815,BRL
2010-12-08,1.6825,1.6987,1.6787,1.6893,BRL
2010-12-09,1.6877,1.7162,1.6868,1.7092,BRL
2010-12-10,1.7092,1.722,1.7023,1.7061,BRL
2010-12-13,1.7064,1.7104,1.6932,1.693,BRL
2010-12-14,1.6937,1.7003,1.6877,1.6966,BRL
2010-12-15,1.7,1.7102,1.6937,1.7093,BRL
2010-12-16,1.7085,1.7115,1.6982,1.7024,BRL
2010-12-17,1.6972,1.7182,1.6957,1.7133,BRL
2010-12-20,1.7141,1.7149,1.7053,1.7057,BRL
2010-12-21,1.7066,1.7069,1.6933,1.6947,BRL
2010-12-22,1.6956,1.7026,1.6908,1.6994,BRL
2010-12-23,1.6978,1.7028,1.6883,1.6898,BRL
2010-12-24,1.6907,1.6909,1.6901,1.6907,BRL
2010-12-27,1.6907,1.6942,1.6843,1.6851,BRL
2010-12-28,1.6821,1.6933,1.6778,1.6907,BRL
2010-12-29,1.6902,1.6922,1.6761,1.6767,BRL
2010-12-30,1.6767,1.6798,1.6593,1.6597,BRL
2010-12-31,1.6593,1.6596,1.6596,1.6593,BRL
2011-01-03,1.6593,1.6637,1.6433,1.6465,BRL
2011-01-04,1.6476,1.6732,1.6455,1.6605,BRL
2011-01-05,1.6619,1.6767,1.66,1.6732,BRL
2011-01-06,1.6731,1.6945,1.6724,1.6851,BRL
2011-01-07,1.6865,1.6915,1.677,1.6827,BRL
2011-01-10,1.6823,1.6965,1.6824,1.6883,BRL
2011-01-11,1.6875,1.6925,1.6828,1.6829,BRL
2011-01-12,1.6827,1.6831,1.6722,1.6726,BRL
2011-01-13,1.6706,1.6766,1.6652,1.6721,BRL
2011-01-14,1.6852,1.6895,1.6782,1.6851,BRL
2011-01-17,1.6861,1.6869,1.6777,1.6796,BRL
2011-01-18,1.6806,1.6808,1.6701,1.6737,BRL
2011-01-19,1.6755,1.6763,1.6661,1.67,BRL
2011-01-20,1.6715,1.6768,1.6653,1.6733,BRL
2011-01-21,1.6723,1.6794,1.6677,1.6759,BRL
2011-01-24,1.6764,1.6823,1.6686,1.6705,BRL
2011-01-25,1.671,1.6735,1.6693,1.6717,BRL
2011-01-26,1.6717,1.6724,1.6646,1.6673,BRL
2011-01-27,1.667,1.6803,1.6619,1.6757,BRL
2011-01-28,1.6757,1.6873,1.673,1.6818,BRL
2011-01-31,1.6842,1.6863,1.6659,1.667,BRL
2011-02-01,1.6669,1.6681,1.6603,1.6643,BRL
2011-02-02,1.6622,1.6688,1.6619,1.6676,BRL
2011-02-03,1.6677,1.6733,1.6645,1.6678,BRL
2011-02-04,1.6677,1.6787,1.6638,1.673,BRL
2011-02-07,1.6735,1.6805,1.6707,1.6784,BRL
2011-02-08,1.6785,1.6796,1.6628,1.6645,BRL
2011-02-09,1.6646,1.6713,1.6576,1.6566,BRL
2011-02-10,1.6561,1.6843,1.6579,1.6681,BRL
2011-02-11,1.6697,1.6783,1.6582,1.6656,BRL
2011-02-14,1.6643,1.6707,1.6622,1.6665,BRL
2011-02-15,1.6674,1.6707,1.6626,1.669,BRL
2011-02-16,1.6702,1.6747,1.6641,1.669,BRL
2011-02-17,1.6712,1.6752,1.6572,1.6563,BRL
2011-02-18,1.6624,1.6754,1.657,1.6623,BRL
2011-02-21,1.6633,1.6754,1.6617,1.6679,BRL
2011-02-22,1.6679,1.6743,1.6635,1.6711,BRL
2011-02-23,1.6711,1.6768,1.6653,1.6735,BRL
2011-02-24,1.6735,1.6751,1.6612,1.6635,BRL
2011-02-25,1.6739,1.6695,1.657,1.6622,BRL
2011-02-28,1.6622,1.6675,1.6555,1.6635,BRL
2011-03-01,1.6635,1.6646,1.6588,1.6628,BRL
2011-03-02,1.6632,1.665,1.657,1.657,BRL
2011-03-03,1.657,1.6581,1.6488,1.6484,BRL
2011-03-04,1.6484,1.6558,1.6422,1.655,BRL
2011-03-07,1.655,1.6554,1.6526,1.6521,BRL
2011-03-08,1.6532,1.6546,1.6533,1.6535,BRL
2011-03-09,1.6443,1.6582,1.6444,1.6533,BRL
2011-03-10,1.6533,1.6656,1.6538,1.6618,BRL
2011-03-11,1.6618,1.6701,1.6596,1.665,BRL
2011-03-14,1.6648,1.6691,1.6591,1.6588,BRL
2011-03-15,1.6588,1.6786,1.6591,1.665,BRL
2011-03-16,1.6648,1.6783,1.66,1.6752,BRL
2011-03-17,1.6755,1.6931,1.666,1.6772,BRL
2011-03-18,1.6781,1.6793,1.6647,1.6645,BRL
2011-03-21,1.6672,1.6691,1.6576,1.6664,BRL
2011-03-22,1.6664,1.6688,1.6583,1.659,BRL
2011-03-23,1.659,1.6648,1.6571,1.6606,BRL
2011-03-24,1.6606,1.6622,1.6546,1.6588,BRL
2011-03-25,1.6593,1.6623,1.6545,1.6605,BRL
2011-03-28,1.6577,1.6651,1.6581,1.6624,BRL
2011-03-29,1.6624,1.665,1.6459,1.6455,BRL
2011-03-30,1.6464,1.6498,1.6262,1.6284,BRL
2011-03-31,1.6282,1.6345,1.6208,1.6315,BRL
2011-04-01,1.6308,1.6309,1.6055,1.6271,BRL
2011-04-04,1.6198,1.6208,1.6036,1.6067,BRL
2011-04-05,1.6067,1.6139,1.6059,1.6081,BRL
2011-04-06,1.6077,1.6174,1.6006,1.6144,BRL
2011-04-07,1.6144,1.6145,1.5812,1.5855,BRL
2011-04-08,1.5837,1.5861,1.5667,1.5684,BRL
2011-04-11,1.5684,1.5846,1.5686,1.5824,BRL
2011-04-12,1.5791,1.5965,1.5751,1.5955,BRL
2011-04-13,1.5942,1.5968,1.5797,1.5857,BRL
2011-04-14,1.5857,1.5915,1.5766,1.5773,BRL
2011-04-15,1.5778,1.5827,1.5711,1.5753,BRL
2011-04-18,1.5761,1.6003,1.5762,1.5881,BRL
2011-04-19,1.5881,1.5882,1.5731,1.5754,BRL
2011-04-20,1.5622,1.584,1.5612,1.5659,BRL
2011-04-21,1.5663,1.5677,1.5636,1.5635,BRL
2011-04-22,1.5635,1.5635,1.5635,1.5635,BRL
2011-04-25,1.561,1.5778,1.5605,1.5675,BRL
2011-04-26,1.5675,1.5689,1.5612,1.5614,BRL
2011-04-27,1.5614,1.5735,1.5563,1.5664,BRL
2011-04-28,1.5645,1.5953,1.5638,1.581,BRL
2011-04-29,1.574,1.5823,1.566,1.5765,BRL
2011-05-02,1.5765,1.5914,1.5688,1.5882,BRL
2011-05-03,1.5882,1.5973,1.5815,1.5878,BRL
2011-05-04,1.5878,1.6177,1.5805,1.615,BRL
2011-05-05,1.615,1.6289,1.6102,1.6209,BRL
2011-05-06,1.6209,1.6238,1.6013,1.6149,BRL
2011-05-09,1.615,1.6299,1.6079,1.6129,BRL
2011-05-10,1.6129,1.616,1.6016,1.6027,BRL
2011-05-11,1.6027,1.6258,1.6026,1.6204,BRL
2011-05-12,1.6204,1.6303,1.6142,1.6191,BRL
2011-05-13,1.619,1.6459,1.6118,1.6356,BRL
2011-05-16,1.6354,1.6394,1.6242,1.6341,BRL
2011-05-17,1.6341,1.6393,1.6134,1.6154,BRL
2011-05-18,1.6154,1.6214,1.6074,1.6088,BRL
2011-05-19,1.6088,1.6208,1.6053,1.616,BRL
2011-05-20,1.616,1.6259,1.61,1.622,BRL
2011-05-23,1.621,1.6404,1.6215,1.633,BRL
2011-05-24,1.6335,1.6345,1.6206,1.6239,BRL
2011-05-25,1.6239,1.632,1.6233,1.6284,BRL
2011-05-26,1.6284,1.6311,1.6109,1.6153,BRL
2011-05-27,1.6153,1.6181,1.5933,1.594,BRL
2011-05-30,1.594,1.5976,1.5855,1.588,BRL
2011-05-31,1.5941,1.5964,1.5757,1.5795,BRL
2011-06-01,1.5783,1.5951,1.5751,1.5928,BRL
2011-06-02,1.5928,1.5941,1.5745,1.5749,BRL
2011-06-03,1.5749,1.5848,1.5703,1.5755,BRL
2011-06-06,1.5745,1.5853,1.5748,1.5836,BRL
2011-06-07,1.5826,1.5849,1.5736,1.5803,BRL
2011-06-08,1.5803,1.5877,1.5775,1.5807,BRL
2011-06-09,1.5797,1.5907,1.5776,1.5824,BRL
2011-06-10,1.5824,1.601,1.5824,1.5958,BRL
2011-06-13,1.5958,1.5986,1.5827,1.5827,BRL
2011-06-14,1.5827,1.5873,1.5792,1.5823,BRL
2011-06-15,1.5813,1.6057,1.5828,1.5997,BRL
2011-06-16,1.5997,1.6163,1.5983,1.6019,BRL
2011-06-17,1.6019,1.6029,1.5939,1.5975,BRL
2011-06-20,1.5962,1.6085,1.5916,1.5957,BRL
2011-06-21,1.5958,1.5992,1.5853,1.586,BRL
2011-06-22,1.586,1.5914,1.5843,1.5909,BRL
2011-06-23,1.5899,1.5919,1.5909,1.5905,BRL
2011-06-24,1.5953,1.6076,1.5903,1.6039,BRL
2011-06-27,1.6029,1.605,1.5938,1.5935,BRL
2011-06-28,1.5935,1.5956,1.5748,1.5757,BRL
2011-06-29,1.5747,1.5794,1.5665,1.5669,BRL
2011-06-30,1.5661,1.5688,1.5573,1.5617,BRL
2011-07-01,1.5616,1.5649,1.5528,1.5568,BRL
2011-07-04,1.5558,1.5599,1.5513,1.5522,BRL
2011-07-05,1.5522,1.5671,1.5522,1.5648,BRL
2011-07-06,1.5648,1.5735,1.5615,1.5687,BRL
2011-07-07,1.569,1.5705,1.5527,1.5545,BRL
2011-07-08,1.5516,1.5679,1.5527,1.5649,BRL
2011-07-11,1.5614,1.5855,1.5623,1.5796,BRL
2011-07-12,1.5775,1.5856,1.5722,1.579,BRL
2011-07-13,1.5816,1.5839,1.5677,1.5715,BRL
2011-07-14,1.5745,1.5802,1.5688,1.5765,BRL
2011-07-15,1.5755,1.5801,1.5715,1.5741,BRL
2011-07-18,1.5738,1.5846,1.5733,1.5766,BRL
2011-07-19,1.5771,1.58,1.5623,1.566,BRL
2011-07-20,1.5664,1.5687,1.5571,1.5649,BRL
2011-07-21,1.565,1.5658,1.5513,1.5522,BRL
2011-07-22,1.5523,1.5598,1.5507,1.5517,BRL
2011-07-25,1.5532,1.5564,1.5358,1.5397,BRL
2011-07-26,1.5408,1.542,1.528,1.5378,BRL
2011-07-27,1.5378,1.5721,1.5383,1.5545,BRL
2011-07-28,1.5553,1.571,1.5532,1.5665,BRL
2011-07-29,1.5665,1.5738,1.5465,1.5485,BRL
2011-08-01,1.5496,1.5668,1.545,1.5661,BRL
2011-08-02,1.5661,1.5753,1.5605,1.5655,BRL
2011-08-03,1.5655,1.5698,1.5587,1.5616,BRL
2011-08-04,1.5616,1.5899,1.5607,1.5868,BRL
2011-08-05,1.5868,1.6018,1.5755,1.5754,BRL
2011-08-08,1.5874,1.6273,1.5864,1.626,BRL
2011-08-09,1.626,1.6585,1.5856,1.5886,BRL
2011-08-10,1.5886,1.6316,1.5894,1.6225,BRL
2011-08-11,1.622,1.642,1.6149,1.6267,BRL
2011-08-12,1.6268,1.6282,1.6026,1.6104,BRL
2011-08-15,1.6125,1.614,1.5873,1.5875,BRL
2011-08-16,1.5896,1.6031,1.5841,1.5892,BRL
2011-08-17,1.5897,1.5914,1.5776,1.5883,BRL
2011-08-18,1.5883,1.6122,1.5878,1.5982,BRL
2011-08-19,1.5991,1.6059,1.5892,1.5993,BRL
2011-08-22,1.597,1.6083,1.5858,1.6068,BRL
2011-08-23,1.6076,1.6084,1.5923,1.5963,BRL
2011-08-24,1.5958,1.6151,1.5966,1.6127,BRL
2011-08-25,1.6137,1.618,1.6023,1.6089,BRL
2011-08-26,1.6096,1.6162,1.6001,1.6026,BRL
2011-08-29,1.6037,1.6042,1.5898,1.5907,BRL
2011-08-30,1.5907,1.5988,1.5831,1.5958,BRL
2011-08-31,1.5948,1.6027,1.5807,1.5887,BRL
2011-09-01,1.5887,1.6214,1.5887,1.6195,BRL
2011-09-02,1.6195,1.6478,1.6191,1.641,BRL
2011-09-05,1.6566,1.6601,1.644,1.6447,BRL
2011-09-06,1.6425,1.6668,1.6415,1.6545,BRL
2011-09-07,1.6543,1.655,1.654,1.6535,BRL
2011-09-08,1.6538,1.663,1.6502,1.659,BRL
2011-09-09,1.659,1.6848,1.6579,1.672,BRL
2011-09-12,1.6742,1.7273,1.6747,1.7032,BRL
2011-09-13,1.7029,1.7208,1.7014,1.7095,BRL
2011-09-14,1.7094,1.7389,1.7075,1.7135,BRL
2011-09-15,1.7135,1.7199,1.6975,1.7045,BRL
2011-09-16,1.704,1.7382,1.7048,1.7322,BRL
2011-09-19,1.7323,1.7999,1.732,1.7992,BRL
2011-09-20,1.7992,1.8023,1.7673,1.7851,BRL
2011-09-21,1.7852,1.8916,1.7854,1.8833,BRL
2011-09-22,1.8724,1.9499,1.812,1.9028,BRL
2011-09-23,1.9038,1.9243,1.8231,1.8322,BRL
2011-09-26,1.833,1.8662,1.8107,1.822,BRL
2011-09-27,1.8215,1.8235,1.7924,1.8037,BRL
2011-09-28,1.8037,1.8447,1.7985,1.8367,BRL
2011-09-29,1.8368,1.8569,1.8221,1.842,BRL
2011-09-30,1.839,1.893,1.8398,1.8785,BRL
2011-10-03,1.8772,1.918,1.8708,1.8925,BRL
2011-10-04,1.8909,1.902,1.8563,1.857,BRL
2011-10-05,1.8548,1.8623,1.8234,1.8312,BRL
2011-10-06,1.8312,1.8383,1.7773,1.78,BRL
2011-10-07,1.7783,1.7853,1.7518,1.7712,BRL
2011-10-10,1.775,1.7755,1.7363,1.7619,BRL
2011-10-11,1.7619,1.7841,1.7512,1.7745,BRL
2011-10-12,1.7745,1.775,1.775,1.7745,BRL
2011-10-13,1.7545,1.7668,1.738,1.7503,BRL
2011-10-14,1.7504,1.7517,1.7258,1.7314,BRL
2011-10-17,1.7314,1.7763,1.7318,1.7731,BRL
2011-10-18,1.7728,1.7866,1.7465,1.7519,BRL
2011-10-19,1.7519,1.7786,1.7423,1.7726,BRL
2011-10-20,1.7726,1.8098,1.7621,1.7807,BRL
2011-10-21,1.7807,1.7923,1.7658,1.7743,BRL
2011-10-24,1.7746,1.7853,1.7468,1.7503,BRL
2011-10-25,1.7503,1.7688,1.7353,1.7655,BRL
2011-10-26,1.7655,1.772,1.7445,1.7579,BRL
2011-10-27,1.7579,1.7412,1.6999,1.709,BRL
2011-10-28,1.709,1.7147,1.6711,1.672,BRL
2011-10-31,1.672,1.719,1.6725,1.7167,BRL
2011-11-01,1.7167,1.7625,1.717,1.7444,BRL
2011-11-02,1.7167,1.7625,1.717,1.7355,BRL
2011-11-03,1.7308,1.7461,1.713,1.7362,BRL
2011-11-04,1.7343,1.7615,1.7257,1.752,BRL
2011-11-07,1.7523,1.764,1.7428,1.7459,BRL
2011-11-08,1.7457,1.753,1.732,1.7318,BRL
2011-11-09,1.7316,1.7835,1.7324,1.779,BRL
2011-11-10,1.779,1.7835,1.754,1.7609,BRL
2011-11-11,1.7609,1.765,1.7414,1.7419,BRL
2011-11-14,1.7454,1.7725,1.7448,1.7666,BRL
2011-11-15,1.7666,1.7725,1.7671,1.7708,BRL
2011-11-16,1.7678,1.786,1.7652,1.7692,BRL
2011-11-17,1.7692,1.7892,1.7641,1.778,BRL
2011-11-18,1.7777,1.7913,1.765,1.7856,BRL
2011-11-21,1.8037,1.8203,1.8003,1.8076,BRL
2011-11-22,1.8065,1.8301,1.7973,1.8179,BRL
2011-11-23,1.8179,1.8748,1.8177,1.8667,BRL
2011-11-24,1.8667,1.9043,1.8488,1.8975,BRL
2011-11-25,1.8949,1.9143,1.8736,1.891,BRL
2011-11-28,1.8615,1.8715,1.8487,1.8539,BRL
2011-11-29,1.854,1.8548,1.8333,1.8445,BRL
2011-11-30,1.846,1.848,1.7948,1.8078,BRL
2011-12-01,1.8078,1.81,1.7814,1.799,BRL
2011-12-02,1.7985,1.8031,1.7772,1.7907,BRL
2011-12-05,1.7904,1.7944,1.7757,1.7852,BRL
2011-12-06,1.7852,1.7999,1.7763,1.791,BRL
2011-12-07,1.791,1.8038,1.7865,1.7987,BRL
2011-12-08,1.798,1.8273,1.7814,1.8215,BRL
2011-12-09,1.8245,1.825,1.7965,1.7974,BRL
2011-12-12,1.7974,1.848,1.7974,1.8434,BRL
2011-12-13,1.8434,1.8701,1.8334,1.8642,BRL
2011-12-14,1.8645,1.885,1.862,1.8793,BRL
2011-12-15,1.8789,1.8829,1.8528,1.8597,BRL
2011-12-16,1.8594,1.8645,1.8403,1.8515,BRL
2011-12-19,1.8504,1.872,1.8512,1.8682,BRL
2011-12-20,1.8676,1.8684,1.837,1.8445,BRL
2011-12-21,1.8445,1.8625,1.8407,1.8602,BRL
2011-12-22,1.8597,1.8653,1.8493,1.8557,BRL
2011-12-23,1.8551,1.8636,1.8473,1.8567,BRL
2011-12-26,1.857,1.8614,1.8512,1.8553,BRL
2011-12-27,1.8553,1.8639,1.8533,1.8609,BRL
2011-12-28,1.8589,1.8884,1.8559,1.8739,BRL
2011-12-29,1.8735,1.8879,1.8642,1.8652,BRL
2011-12-30,1.8652,1.8662,1.8632,1.8627,BRL
2012-01-02,1.8656,1.8752,1.8548,1.8708,BRL
2012-01-03,1.872,1.8731,1.8293,1.8299,BRL
2012-01-04,1.8294,1.8364,1.8198,1.8318,BRL
2012-01-05,1.8306,1.8489,1.8301,1.8432,BRL
2012-01-06,1.8432,1.8584,1.8368,1.8574,BRL
2012-01-09,1.8558,1.8569,1.8307,1.8326,BRL
2012-01-10,1.8317,1.8325,1.7943,1.799,BRL
2012-01-11,1.7993,1.8125,1.7965,1.8025,BRL
2012-01-12,1.8025,1.8043,1.7744,1.7775,BRL
2012-01-13,1.7784,1.8082,1.7684,1.7844,BRL
2012-01-16,1.7857,1.7893,1.7805,1.7854,BRL
2012-01-17,1.7867,1.7888,1.7667,1.7875,BRL
2012-01-18,1.7875,1.7887,1.7616,1.7649,BRL
2012-01-19,1.7662,1.7755,1.7574,1.765,BRL
2012-01-20,1.7668,1.7728,1.7548,1.7543,BRL
2012-01-23,1.7555,1.76,1.7485,1.7547,BRL
2012-01-24,1.7563,1.7695,1.7509,1.758,BRL
2012-01-25,1.758,1.764,1.7571,1.76,BRL
2012-01-26,1.7598,1.7612,1.7316,1.75,BRL
2012-01-27,1.75,1.7516,1.7355,1.7372,BRL
2012-01-30,1.746,1.7575,1.746,1.7498,BRL
2012-01-31,1.7476,1.7539,1.7337,1.7463,BRL
2012-02-01,1.749,1.7494,1.7289,1.7339,BRL
2012-02-02,1.7339,1.7385,1.7185,1.7193,BRL
2012-02-03,1.7183,1.7289,1.7138,1.716,BRL
2012-02-06,1.7181,1.7353,1.7122,1.7263,BRL
2012-02-07,1.7263,1.733,1.7183,1.7258,BRL
2012-02-08,1.7257,1.7265,1.714,1.7212,BRL
2012-02-09,1.7213,1.7271,1.7159,1.716,BRL
2012-02-10,1.716,1.7318,1.7164,1.7205,BRL
2012-02-13,1.722,1.7232,1.7098,1.716,BRL
2012-02-14,1.716,1.728,1.7125,1.721,BRL
2012-02-15,1.7236,1.7294,1.7129,1.7287,BRL
2012-02-16,1.7282,1.738,1.713,1.716,BRL
2012-02-17,1.716,1.7181,1.7098,1.7145,BRL
2012-02-20,1.7171,1.7171,1.7171,1.7171,BRL
2012-02-21,1.7171,1.7179,1.7175,1.717,BRL
2012-02-22,1.7127,1.7168,1.7037,1.7063,BRL
2012-02-23,1.7048,1.7155,1.6958,1.7132,BRL
2012-02-24,1.7143,1.7151,1.7005,1.709,BRL
2012-02-27,1.7085,1.716,1.7023,1.7069,BRL
2012-02-28,1.7078,1.7102,1.6938,1.6947,BRL
2012-02-29,1.6949,1.7274,1.687,1.7167,BRL
2012-03-01,1.7167,1.7289,1.7095,1.713,BRL
2012-03-02,1.713,1.7359,1.7135,1.7301,BRL
2012-03-05,1.7291,1.7414,1.7243,1.7387,BRL
2012-03-06,1.7387,1.7655,1.7388,1.7576,BRL
2012-03-07,1.7576,1.7749,1.7533,1.7657,BRL
2012-03-08,1.7657,1.7811,1.7545,1.7602,BRL
2012-03-09,1.7596,1.7953,1.7603,1.7904,BRL
2012-03-12,1.7904,1.8332,1.7909,1.799,BRL
2012-03-13,1.7961,1.827,1.789,1.7918,BRL
2012-03-14,1.7918,1.8263,1.7915,1.8049,BRL
2012-03-15,1.8065,1.8106,1.7854,1.7983,BRL
2012-03-16,1.7999,1.8063,1.7939,1.8003,BRL
2012-03-19,1.802,1.8223,1.8003,1.8207,BRL
2012-03-20,1.8187,1.8345,1.8118,1.8137,BRL
2012-03-21,1.8151,1.8301,1.8138,1.8226,BRL
2012-03-22,1.8191,1.8321,1.8169,1.8187,BRL
2012-03-23,1.8187,1.8252,1.8075,1.8093,BRL
2012-03-26,1.8105,1.8192,1.8037,1.8168,BRL
2012-03-27,1.8178,1.8231,1.8082,1.8212,BRL
2012-03-28,1.8212,1.8283,1.8142,1.8222,BRL
2012-03-29,1.8252,1.8374,1.8177,1.8217,BRL
2012-03-30,1.8217,1.8308,1.8118,1.8257,BRL
2012-04-02,1.8257,1.8363,1.8229,1.8319,BRL
2012-04-03,1.8328,1.8357,1.8193,1.8247,BRL
2012-04-04,1.8251,1.8343,1.8245,1.8256,BRL
2012-04-05,1.8263,1.8334,1.8212,1.8211,BRL
2012-04-06,1.8211,1.8211,1.8211,1.8211,BRL
2012-04-09,1.8254,1.8317,1.8167,1.8165,BRL
2012-04-10,1.8162,1.8378,1.8158,1.8329,BRL
2012-04-11,1.8329,1.8376,1.8245,1.8351,BRL
2012-04-12,1.8351,1.8435,1.8222,1.8264,BRL
2012-04-13,1.8264,1.842,1.8272,1.8366,BRL
2012-04-16,1.8367,1.8491,1.8312,1.8466,BRL
2012-04-17,1.8466,1.8616,1.8399,1.8604,BRL
2012-04-18,1.8604,1.8842,1.8573,1.8782,BRL
2012-04-19,1.8782,1.8939,1.8788,1.8799,BRL
2012-04-20,1.8799,1.8872,1.8613,1.8717,BRL
2012-04-23,1.876,1.8914,1.8725,1.8799,BRL
2012-04-24,1.8792,1.8843,1.874,1.8816,BRL
2012-04-25,1.8781,1.8879,1.8753,1.8781,BRL
2012-04-26,1.8814,1.8909,1.8778,1.8847,BRL
2012-04-27,1.8861,1.8883,1.881,1.8853,BRL
2012-04-30,1.8891,1.9118,1.8824,1.908,BRL
2012-05-01,1.9044,1.9047,1.9044,1.9037,BRL
2012-05-02,1.9074,1.93,1.9065,1.9235,BRL
2012-05-03,1.9231,1.9364,1.9073,1.9082,BRL
2012-05-04,1.9084,1.9301,1.9069,1.9265,BRL
2012-05-07,1.9275,1.9359,1.9185,1.9187,BRL
2012-05-08,1.9208,1.943,1.9197,1.9388,BRL
2012-05-09,1.9412,1.9727,1.9381,1.971,BRL
2012-05-10,1.9712,1.9712,1.9439,1.9524,BRL
2012-05-11,1.9527,1.9689,1.939,1.9655,BRL
2012-05-14,1.9664,2.0073,1.9664,1.9946,BRL
2012-05-15,1.9898,2.0063,1.9813,2.001,BRL
2012-05-16,2.0021,2.0083,1.9869,1.9995,BRL
2012-05-17,2.0003,2.013,1.989,2.0087,BRL
2012-05-18,2.0092,2.0581,1.9923,2.0225,BRL
2012-05-21,2.0214,2.0501,2.0189,2.0412,BRL
2012-05-22,2.0417,2.0925,2.0374,2.0904,BRL
2012-05-23,2.0907,2.1065,2.0281,2.0306,BRL
2012-05-24,2.0308,2.0529,2.0228,2.028,BRL
2012-05-25,2.0283,2.0323,1.9834,1.9843,BRL
2012-05-28,1.9833,1.9841,1.9705,1.983,BRL
2012-05-29,1.9833,2.001,1.978,1.9894,BRL
2012-05-30,1.9925,2.0191,1.9925,2.0157,BRL
2012-05-31,2.016,2.0288,2.0024,2.0221,BRL
2012-06-01,2.0226,2.0506,2.0222,2.0398,BRL
2012-06-04,2.0404,2.0594,2.0318,2.0558,BRL
2012-06-05,2.0561,2.063,2.0148,2.024,BRL
2012-06-06,2.0248,2.0339,2.0118,2.0325,BRL
2012-06-07,2.0328,2.0328,2.0328,2.0315,BRL
2012-06-08,2.0326,2.0436,2.019,2.0206,BRL
2012-06-11,2.0207,2.0666,2.0153,2.065,BRL
2012-06-12,2.0652,2.0716,2.047,2.0676,BRL
2012-06-13,2.0668,2.0759,2.0514,2.0716,BRL
2012-06-14,2.0717,2.0745,2.0494,2.0564,BRL
2012-06-15,2.057,2.0599,2.0366,2.0482,BRL
2012-06-18,2.0445,2.0688,2.0445,2.0631,BRL
2012-06-19,2.0583,2.0583,2.0259,2.0277,BRL
2012-06-20,2.0277,2.0388,2.0214,2.0251,BRL
2012-06-21,2.0263,2.0635,2.0236,2.0628,BRL
2012-06-22,2.0627,2.068,2.0484,2.0665,BRL
2012-06-25,2.0675,2.079,2.0609,2.061,BRL
2012-06-26,2.0614,2.0778,2.0583,2.0724,BRL
2012-06-27,2.0755,2.0969,2.0693,2.0757,BRL
2012-06-28,2.0772,2.0995,2.0719,2.0755,BRL
2012-06-29,2.077,2.077,2.0045,2.0092,BRL
2012-07-02,2.0062,2.0134,1.984,1.9847,BRL
2012-07-03,1.9836,2.0194,1.9779,2.0154,BRL
2012-07-04,2.0114,2.0367,2.0095,2.0274,BRL
2012-07-05,2.0274,2.0391,2.012,2.0192,BRL
2012-07-06,2.0192,2.0417,2.0155,2.0278,BRL
2012-07-09,2.0266,2.0328,2.0266,2.0311,BRL
2012-07-10,2.0273,2.041,2.023,2.0328,BRL
2012-07-11,2.0337,2.0406,2.0255,2.0338,BRL
2012-07-12,2.0361,2.0522,2.036,2.0371,BRL
2012-07-13,2.0377,2.0422,2.0288,2.0367,BRL
2012-07-16,2.0362,2.0439,2.0326,2.0343,BRL
2012-07-17,2.0353,2.0401,2.0197,2.0207,BRL
2012-07-18,2.0209,2.0299,2.0163,2.022,BRL
2012-07-19,2.0226,2.0277,2.0096,2.0114,BRL
2012-07-20,2.0123,2.0279,2.0115,2.0233,BRL
2012-07-23,2.0233,2.0459,2.0233,2.0382,BRL
2012-07-24,2.0385,2.0524,2.0353,2.0467,BRL
2012-07-25,2.0478,2.0478,2.0326,2.0328,BRL
2012-07-26,2.0331,2.0347,2.0182,2.0202,BRL
2012-07-27,2.0214,2.0293,2.008,2.0208,BRL
2012-07-30,2.021,2.0428,2.021,2.0395,BRL
2012-07-31,2.0407,2.057,2.0383,2.0563,BRL
2012-08-01,2.0568,2.057,2.037,2.0441,BRL
2012-08-02,2.0443,2.0536,2.0321,2.049,BRL
2012-08-03,2.0498,2.0503,2.0216,2.0275,BRL
2012-08-06,2.029,2.0323,2.024,2.0305,BRL
2012-08-07,2.0312,2.0323,2.0227,2.0275,BRL
2012-08-08,2.0317,2.0358,2.0185,2.0195,BRL
2012-08-09,2.0209,2.0269,2.0128,2.012,BRL
2012-08-10,2.0133,2.0225,2.0122,2.0137,BRL
2012-08-13,2.0153,2.03,2.0149,2.0197,BRL
2012-08-14,2.0207,2.029,2.0165,2.0259,BRL
2012-08-15,2.0266,2.0305,2.0189,2.0218,BRL
2012-08-16,2.0232,2.0278,2.0167,2.0166,BRL
2012-08-17,2.0173,2.0236,2.0135,2.0145,BRL
2012-08-20,2.0157,2.0226,2.0149,2.0165,BRL
2012-08-21,2.0167,2.023,2.0056,2.0156,BRL
2012-08-22,2.0159,2.0228,2.0145,2.0155,BRL
2012-08-23,2.0172,2.0269,2.0158,2.0231,BRL
2012-08-24,2.0237,2.0358,2.0193,2.0266,BRL
2012-08-27,2.0252,2.0355,2.0232,2.0338,BRL
2012-08-28,2.0342,2.0528,2.0314,2.043,BRL
2012-08-29,2.045,2.0547,2.0434,2.0496,BRL
2012-08-30,2.0502,2.0567,2.0434,2.0484,BRL
2012-08-31,2.0488,2.0513,2.0258,2.028,BRL
2012-09-03,2.0304,2.0347,2.0275,2.0321,BRL
2012-09-04,2.0328,2.0441,2.0283,2.042,BRL
2012-09-05,2.0427,2.0454,2.0351,2.0391,BRL
2012-09-06,2.0393,2.0427,2.027,2.0274,BRL
2012-09-07,2.0281,2.0281,2.0281,2.0274,BRL
2012-09-10,2.0287,2.0298,2.0189,2.0221,BRL
2012-09-11,2.0227,2.0309,2.0147,2.016,BRL
2012-09-12,2.0167,2.029,2.0136,2.0264,BRL
2012-09-13,2.0263,2.0296,2.0168,2.0206,BRL
2012-09-14,2.021,2.0226,2.0066,2.0113,BRL
2012-09-17,2.0119,2.0341,2.0119,2.0321,BRL
2012-09-18,2.033,2.0361,2.0206,2.0226,BRL
2012-09-19,2.0231,2.0271,2.0209,2.0235,BRL
2012-09-20,2.0244,2.0306,2.0198,2.0205,BRL
2012-09-21,2.0213,2.0262,2.0206,2.0213,BRL
2012-09-24,2.0236,2.0305,2.0234,2.0258,BRL
2012-09-25,2.0263,2.0323,2.0228,2.0306,BRL
2012-09-26,2.0312,2.0365,2.0269,2.0355,BRL
2012-09-27,2.0363,2.0374,2.0285,2.0285,BRL
2012-09-28,2.0296,2.0355,2.0242,2.0255,BRL
2012-10-01,2.029,2.0294,2.0217,2.026,BRL
2012-10-02,2.0261,2.0289,2.0226,2.025,BRL
2012-10-03,2.0282,2.0293,2.0216,2.0214,BRL
2012-10-04,2.0218,2.0245,2.0168,2.0174,BRL
2012-10-05,2.0178,2.0343,2.0157,2.03,BRL
2012-10-08,2.0317,2.0343,2.0281,2.029,BRL
2012-10-09,2.0298,2.0382,2.0276,2.0355,BRL
2012-10-10,2.0363,2.0438,2.0306,2.042,BRL
2012-10-11,2.0426,2.0433,2.0346,2.0415,BRL
2012-10-12,2.0419,2.0445,2.0419,2.0436,BRL
2012-10-15,2.044,2.044,2.0305,2.0353,BRL
2012-10-16,2.0363,2.0376,2.0302,2.032,BRL
2012-10-17,2.0366,2.0366,2.0294,2.0316,BRL
2012-10-18,2.0319,2.0345,2.0252,2.0256,BRL
2012-10-19,2.0264,2.0296,2.0258,2.027,BRL
2012-10-22,2.0281,2.0285,2.0233,2.0238,BRL
2012-10-23,2.0247,2.0314,2.0244,2.0265,BRL
2012-10-24,2.027,2.0287,2.0233,2.0245,BRL
2012-10-25,2.0244,2.0274,2.0234,2.0245,BRL
2012-10-26,2.027,2.0275,2.0245,2.0265,BRL
2012-10-29,2.027,2.0339,2.027,2.0333,BRL
2012-10-30,2.0336,2.0336,2.0293,2.0303,BRL
2012-10-31,2.0307,2.0348,2.0266,2.0306,BRL
2012-11-01,2.0309,2.0319,2.0296,2.03,BRL
2012-11-02,2.031,2.0316,2.031,2.0303,BRL
2012-11-05,2.0316,2.0355,2.0311,2.0349,BRL
2012-11-06,2.0353,2.0353,2.0306,2.0319,BRL
2012-11-07,2.0321,2.0356,2.0303,2.033,BRL
2012-11-08,2.0343,2.0425,2.0323,2.0402,BRL
2012-11-09,2.0404,2.0674,2.0401,2.0455,BRL
2012-11-12,2.0463,2.0551,2.0424,2.0507,BRL
2012-11-13,2.051,2.0742,2.0509,2.0575,BRL
2012-11-14,2.0583,2.0713,2.0558,2.0666,BRL
2012-11-15,2.0669,2.067,2.0663,2.066,BRL
2012-11-16,2.0665,2.0871,2.0664,2.0835,BRL
2012-11-19,2.0842,2.0864,2.0689,2.0755,BRL
2012-11-20,2.0763,2.0809,2.0763,2.08,BRL
2012-11-21,2.0805,2.0999,2.0805,2.0984,BRL
2012-11-22,2.0988,2.1069,2.0885,2.104,BRL
2012-11-23,2.1048,2.1174,2.0793,2.0812,BRL
2012-11-26,2.0816,2.0866,2.0723,2.0829,BRL
2012-11-27,2.083,2.0846,2.071,2.0838,BRL
2012-11-28,2.0842,2.0952,2.0827,2.092,BRL
2012-11-29,2.0928,2.111,2.0866,2.098,BRL
2012-11-30,2.0988,2.1373,2.0942,2.135,BRL
2012-12-03,2.1361,2.1388,2.0966,2.119,BRL
2012-12-04,2.1193,2.1255,2.1005,2.1195,BRL
2012-12-05,2.1197,2.1197,2.0871,2.0875,BRL
2012-12-06,2.0879,2.0879,2.0743,2.077,BRL
2012-12-07,2.0728,2.0921,2.0712,2.074,BRL
2012-12-10,2.0748,2.083,2.073,2.076,BRL
2012-12-11,2.0768,2.082,2.0718,2.0782,BRL
2012-12-12,2.0787,2.082,2.0694,2.071,BRL
2012-12-13,2.072,2.0864,2.0717,2.0846,BRL
2012-12-14,2.0852,2.0891,2.0773,2.0847,BRL
2012-12-17,2.0856,2.1016,2.0833,2.0987,BRL
2012-12-18,2.0995,2.1018,2.085,2.0879,BRL
2012-12-19,2.0891,2.0905,2.067,2.0714,BRL
2012-12-20,2.0717,2.0727,2.0546,2.0691,BRL
2012-12-21,2.0725,2.0807,2.0677,2.0772,BRL
2012-12-24,2.0772,2.0772,2.0772,2.0772,BRL
2012-12-25,2.0772,2.0772,2.0772,2.0772,BRL
2012-12-26,2.0774,2.0774,2.0395,2.0486,BRL
2012-12-27,2.0491,2.056,2.0398,2.0422,BRL
2012-12-28,2.0435,2.0484,2.0388,2.047,BRL
2012-12-31,2.0475,2.0485,2.0475,2.0475,BRL
2013-01-01,2.0475,2.0475,2.0475,2.0475,BRL
2013-01-02,2.0333,2.047,2.0323,2.0443,BRL
2013-01-03,2.0483,2.0502,2.0336,2.0452,BRL
2013-01-04,2.0468,2.0505,2.0318,2.034,BRL
2013-01-07,2.0348,2.0373,2.0233,2.026,BRL
2013-01-08,2.0268,2.0419,2.0205,2.0413,BRL
2013-01-09,2.0416,2.0461,2.035,2.0378,BRL
2013-01-10,2.0426,2.0428,2.0279,2.0287,BRL
2013-01-11,2.029,2.0392,2.0288,2.033,BRL
2013-01-14,2.0298,2.0361,2.0298,2.0316,BRL
2013-01-15,2.0319,2.0395,2.0304,2.0355,BRL
2013-01-16,2.0358,2.0458,2.0329,2.0422,BRL
2013-01-17,2.0424,2.0459,2.0375,2.0383,BRL
2013-01-18,2.0385,2.0462,2.0385,2.0405,BRL
2013-01-21,2.0403,2.0431,2.0403,2.0416,BRL
2013-01-22,2.0418,2.0508,2.0387,2.0426,BRL
2013-01-23,2.0423,2.0451,2.0351,2.035,BRL
2013-01-24,2.0354,2.0375,2.0273,2.029,BRL
2013-01-25,2.03,2.0306,2.0285,2.029,BRL
2013-01-28,2.0305,2.0366,1.9939,1.995,BRL
2013-01-29,1.9958,1.9993,1.9831,1.9855,BRL
2013-01-30,1.9859,2.0006,1.9821,1.9902,BRL
2013-01-31,1.9873,1.993,1.9813,1.9902,BRL
2013-02-01,1.9908,1.9927,1.9785,1.987,BRL
2013-02-04,1.9878,1.9974,1.9846,1.9958,BRL
2013-02-05,1.9961,1.9961,1.9817,1.9836,BRL
2013-02-06,1.9845,1.9917,1.9835,1.9899,BRL
2013-02-07,1.9904,1.9921,1.9607,1.9663,BRL
2013-02-08,1.9667,1.9793,1.9507,1.9725,BRL
2013-02-11,1.969,1.9735,1.969,1.9724,BRL
2013-02-12,1.9728,1.9728,1.969,1.968,BRL
2013-02-13,1.9703,1.9703,1.9637,1.964,BRL
2013-02-14,1.9648,1.9703,1.9561,1.957,BRL
2013-02-15,1.9578,1.9701,1.9494,1.968,BRL
2013-02-18,1.9688,1.9703,1.9595,1.9624,BRL
2013-02-19,1.9634,1.9649,1.9537,1.9535,BRL
2013-02-20,1.9543,1.9666,1.9532,1.9608,BRL
2013-02-21,1.9611,1.9797,1.9611,1.9733,BRL
2013-02-22,1.9736,1.9744,1.9636,1.9724,BRL
2013-02-25,1.9743,1.9851,1.9633,1.9825,BRL
2013-02-26,1.9836,1.9938,1.9745,1.9815,BRL
2013-02-27,1.9838,1.9839,1.9708,1.9725,BRL
2013-02-28,1.9763,1.9804,1.9671,1.9795,BRL
2013-03-01,1.976,1.9882,1.976,1.9785,BRL
2013-03-04,1.9826,1.987,1.9696,1.97,BRL
2013-03-05,1.9708,1.9733,1.9633,1.9641,BRL
2013-03-06,1.9643,1.9718,1.9618,1.97,BRL
2013-03-07,1.9671,1.9726,1.9565,1.9605,BRL
2013-03-08,1.9608,1.9629,1.9423,1.9435,BRL
2013-03-11,1.948,1.9633,1.9415,1.9555,BRL
2013-03-12,1.9568,1.9659,1.9538,1.9644,BRL
2013-03-13,1.9648,1.9793,1.9583,1.9715,BRL
2013-03-14,1.972,1.9778,1.9638,1.9713,BRL
2013-03-15,1.9723,1.9848,1.964,1.981,BRL
2013-03-18,1.9862,1.9904,1.9808,1.9815,BRL
2013-03-19,1.982,1.9886,1.9763,1.9845,BRL
2013-03-20,1.9858,1.9923,1.9758,1.9895,BRL
2013-03-21,1.988,2.0135,1.9873,2.0075,BRL
2013-03-22,2.0082,2.0198,2.003,2.0088,BRL
2013-03-25,2.0096,2.0186,2.0027,2.0117,BRL
2013-03-26,2.0126,2.0177,2.003,2.017,BRL
2013-03-27,2.0174,2.0275,2.0062,2.0104,BRL
2013-03-28,2.011,2.0229,2.0038,2.0213,BRL
2013-03-29,2.0222,2.0243,2.0222,2.0235,BRL
2013-04-01,2.0186,2.0235,2.0155,2.0195,BRL
2013-04-02,2.021,2.025,2.0152,2.0186,BRL
2013-04-03,2.0193,2.0285,2.0168,2.0237,BRL
2013-04-04,2.0244,2.028,2.01,2.0131,BRL
2013-04-05,2.014,2.0183,1.985,1.9849,BRL
2013-04-08,1.989,1.9941,1.9777,1.9916,BRL
2013-04-09,1.992,1.9931,1.979,1.9805,BRL
2013-04-10,1.9814,1.9869,1.9718,1.9739,BRL
2013-04-11,1.9743,1.9772,1.9668,1.9735,BRL
2013-04-12,1.9769,1.9815,1.9633,1.9692,BRL
2013-04-15,1.9698,2.0094,1.9695,2.0002,BRL
2013-04-16,2.0012,2.0029,1.9817,1.986,BRL
2013-04-17,1.9876,2.0082,1.984,2.0009,BRL
2013-04-18,2.0012,2.0228,1.9968,2.018,BRL
2013-04-19,2.0193,2.0197,2.0015,2.0102,BRL
2013-04-22,2.0107,2.0218,2.005,2.0209,BRL
2013-04-23,2.021,2.03,2.0103,2.0245,BRL
2013-04-24,2.0248,2.0264,2.0085,2.0104,BRL
2013-04-25,2.011,2.0141,2.0012,2.0012,BRL
2013-04-26,2.0019,2.0045,1.9958,1.9985,BRL
2013-04-29,2.0002,2.0092,1.9908,2.0075,BRL
2013-04-30,2.0081,2.013,1.996,2.001,BRL
2013-05-01,2.0016,2.0085,2.001,2.001,BRL
2013-05-02,2.0046,2.0162,1.9993,2.009,BRL
2013-05-03,2.0102,2.0149,2.0047,2.0087,BRL
2013-05-06,2.0103,2.0176,2.0083,2.0093,BRL
2013-05-07,2.0091,2.0149,2.0015,2.0075,BRL
2013-05-08,2.009,2.0092,1.9978,2.0047,BRL
2013-05-09,2.0054,2.0167,1.9945,2.013,BRL
2013-05-10,2.0113,2.0299,2.0113,2.0198,BRL
2013-05-13,2.0172,2.0246,2.0064,2.0072,BRL
2013-05-14,2.0081,2.0216,2.0027,2.0199,BRL
2013-05-15,2.0209,2.0336,2.0147,2.022,BRL
2013-05-16,2.0224,2.038,2.0217,2.0265,BRL
2013-05-17,2.0268,2.0416,2.0254,2.0345,BRL
2013-05-20,2.036,2.0412,2.0264,2.039,BRL
2013-05-21,2.0397,2.0469,2.0316,2.0406,BRL
2013-05-22,2.0404,2.0518,2.0312,2.0487,BRL
2013-05-23,2.049,2.0561,2.0416,2.0439,BRL
2013-05-24,2.0445,2.0561,2.0426,2.0512,BRL
2013-05-27,2.0519,2.0576,2.0473,2.0543,BRL
2013-05-28,2.0568,2.0765,2.0511,2.0749,BRL
2013-05-29,2.0759,2.1155,2.0693,2.1101,BRL
2013-05-30,2.1097,2.1103,2.1097,2.1095,BRL
2013-05-31,2.1215,2.1513,2.1165,2.1418,BRL
2013-06-03,2.144,2.144,2.1237,2.124,BRL
2013-06-04,2.1246,2.15,2.1105,2.1249,BRL
2013-06-05,2.1258,2.1496,2.0841,2.1282,BRL
2013-06-06,2.1271,2.1323,2.1136,2.1299,BRL
2013-06-07,2.13,2.1535,2.1242,2.1308,BRL
2013-06-10,2.1378,2.16,2.1334,2.1457,BRL
2013-06-11,2.1464,2.1666,2.1272,2.1318,BRL
2013-06-12,2.1327,2.1583,2.1233,2.155,BRL
2013-06-13,2.1556,2.1559,2.1171,2.1215,BRL
2013-06-14,2.1214,2.1541,2.1197,2.1517,BRL
2013-06-17,2.1493,2.1782,2.1434,2.1698,BRL
2013-06-18,2.1704,2.1862,2.1598,2.18,BRL
2013-06-19,2.1818,2.236,2.1667,2.2238,BRL
2013-06-20,2.2249,2.2777,2.2227,2.258,BRL
2013-06-21,2.2588,2.2753,2.2348,2.2415,BRL
2013-06-24,2.2453,2.2649,2.2144,2.2257,BRL
2013-06-25,2.2263,2.2311,2.2043,2.2137,BRL
2013-06-26,2.2137,2.2143,2.1841,2.1865,BRL
2013-06-27,2.1868,2.1991,2.1753,2.1987,BRL
2013-06-28,2.1982,2.2345,2.1982,2.2315,BRL
2013-07-01,2.229,2.2373,2.2165,2.228,BRL
2013-07-02,2.2287,2.2553,2.2263,2.254,BRL
2013-07-03,2.2547,2.2718,2.2505,2.2676,BRL
2013-07-04,2.2682,2.2729,2.2475,2.2475,BRL
2013-07-05,2.2478,2.2703,2.2438,2.2515,BRL
2013-07-08,2.2526,2.2653,2.2445,2.2639,BRL
2013-07-09,2.2644,2.2653,2.2571,2.2561,BRL
2013-07-10,2.2546,2.2809,2.2546,2.2637,BRL
2013-07-11,2.2644,2.2729,2.2497,2.2535,BRL
2013-07-12,2.255,2.2718,2.2534,2.2671,BRL
2013-07-15,2.2695,2.2727,2.2186,2.2185,BRL
2013-07-16,2.22,2.2589,2.2068,2.2528,BRL
2013-07-17,2.2523,2.2645,2.2206,2.2251,BRL
2013-07-18,2.2255,2.2427,2.2149,2.2262,BRL
2013-07-19,2.2249,2.2491,2.2158,2.2464,BRL
2013-07-22,2.2468,2.2492,2.2291,2.232,BRL
2013-07-23,2.2331,2.2406,2.2107,2.2127,BRL
2013-07-24,2.2131,2.2579,2.213,2.2501,BRL
2013-07-25,2.2507,2.2655,2.2348,2.2425,BRL
2013-07-26,2.2435,2.258,2.2397,2.2565,BRL
2013-07-29,2.2522,2.2712,2.2522,2.2685,BRL
2013-07-30,2.2698,2.2844,2.2642,2.2825,BRL
2013-07-31,2.2823,2.3031,2.2741,2.2764,BRL
2013-08-01,2.2764,2.306,2.2691,2.3035,BRL
2013-08-02,2.3048,2.3135,2.2765,2.2868,BRL
2013-08-05,2.2891,2.3072,2.2855,2.3055,BRL
2013-08-06,2.3058,2.3086,2.2873,2.2985,BRL
2013-08-07,2.2992,2.3164,2.2926,2.3136,BRL
2013-08-08,2.3139,2.3143,2.2738,2.2834,BRL
2013-08-09,2.2846,2.2848,2.2633,2.2714,BRL
2013-08-12,2.2685,2.2907,2.2628,2.2865,BRL
2013-08-13,2.2876,2.3175,2.2858,2.3136,BRL
2013-08-14,2.3145,2.3281,2.3038,2.3241,BRL
2013-08-15,2.3246,2.3518,2.3135,2.3401,BRL
2013-08-16,2.3407,2.3985,2.34,2.3923,BRL
2013-08-19,2.3926,2.4283,2.3844,2.4123,BRL
2013-08-20,2.4128,2.4131,2.3836,2.3933,BRL
2013-08-21,2.3936,2.4554,2.3925,2.452,BRL
2013-08-22,2.4524,2.4549,2.4177,2.434,BRL
2013-08-23,2.4337,2.4363,2.3461,2.3483,BRL
2013-08-26,2.3489,2.3964,2.3482,2.3789,BRL
2013-08-27,2.379,2.4185,2.3612,2.3712,BRL
2013-08-28,2.3699,2.391,2.3204,2.343,BRL
2013-08-29,2.3468,2.3823,2.334,2.359,BRL
2013-08-30,2.3594,2.3973,2.3469,2.3859,BRL
2013-09-02,2.3826,2.3861,2.3548,2.3774,BRL
2013-09-03,2.3775,2.4043,2.3526,2.3582,BRL
2013-09-04,2.3587,2.3656,2.3415,2.3597,BRL
2013-09-05,2.3597,2.3748,2.3152,2.3243,BRL
2013-09-06,2.3252,2.3257,2.2805,2.3065,BRL
2013-09-09,2.2981,2.3074,2.2719,2.276,BRL
2013-09-10,2.2768,2.2947,2.2594,2.2833,BRL
2013-09-11,2.2838,2.3078,2.2646,2.276,BRL
2013-09-12,2.2768,2.2896,2.2689,2.274,BRL
2013-09-13,2.2748,2.2874,2.2685,2.2793,BRL
2013-09-16,2.2503,2.2855,2.248,2.2839,BRL
2013-09-17,2.284,2.2858,2.2523,2.2555,BRL
2013-09-18,2.2548,2.259,2.183,2.1855,BRL
2013-09-19,2.184,2.2167,2.1792,2.2021,BRL
2013-09-20,2.2026,2.222,2.1905,2.2097,BRL
2013-09-23,2.2102,2.2165,2.1948,2.198,BRL
2013-09-24,2.1985,2.2131,2.1874,2.2005,BRL
2013-09-25,2.1991,2.2351,2.1976,2.2321,BRL
2013-09-26,2.2324,2.2492,2.2151,2.2451,BRL
2013-09-27,2.2459,2.265,2.244,2.2515,BRL
2013-09-30,2.2566,2.26,2.2097,2.2156,BRL
2013-10-01,2.2163,2.2306,2.1965,2.2149,BRL
2013-10-02,2.216,2.2245,2.1911,2.1906,BRL
2013-10-03,2.1913,2.214,2.1909,2.206,BRL
2013-10-04,2.2076,2.2133,2.1979,2.2114,BRL
2013-10-07,2.2071,2.2208,2.2012,2.2044,BRL
2013-10-08,2.2047,2.2119,2.1946,2.2109,BRL
2013-10-09,2.2112,2.215,2.1995,2.2065,BRL
2013-10-10,2.2068,2.2076,2.1685,2.1796,BRL
2013-10-11,2.1801,2.188,2.1725,2.173,BRL
2013-10-14,2.179,2.1946,2.164,2.1813,BRL
2013-10-15,2.1818,2.191,2.1759,2.1769,BRL
2013-10-16,2.1778,2.1853,2.1546,2.18,BRL
2013-10-17,2.1803,2.1821,2.1508,2.152,BRL
2013-10-18,2.1524,2.1794,2.1467,2.1685,BRL
2013-10-21,2.1689,2.1829,2.1663,2.173,BRL
2013-10-22,2.1735,2.1901,2.1641,2.172,BRL
2013-10-23,2.1725,2.1914,2.1723,2.1878,BRL
2013-10-24,2.1913,2.2092,2.1909,2.203,BRL
2013-10-25,2.2035,2.2045,2.18,2.187,BRL
2013-10-28,2.189,2.189,2.1782,2.1795,BRL
2013-10-29,2.1805,2.1859,2.1742,2.184,BRL
2013-10-30,2.185,2.1974,2.1801,2.1835,BRL
2013-10-31,2.184,2.2413,2.1839,2.239,BRL
2013-11-01,2.235,2.2633,2.235,2.2564,BRL
2013-11-04,2.2542,2.255,2.2368,2.2451,BRL
2013-11-05,2.2466,2.2948,2.2439,2.282,BRL
2013-11-06,2.2823,2.2977,2.269,2.2845,BRL
2013-11-07,2.2881,2.3137,2.2703,2.305,BRL
2013-11-08,2.3057,2.3448,2.2945,2.3135,BRL
2013-11-11,2.314,2.3438,2.3024,2.33,BRL
2013-11-12,2.3309,2.349,2.323,2.333,BRL
2013-11-13,2.3331,2.3398,2.3196,2.3325,BRL
2013-11-14,2.3343,2.3393,2.3128,2.313,BRL
2013-11-15,2.3141,2.319,2.3128,2.3187,BRL
2013-11-18,2.319,2.319,2.262,2.2625,BRL
2013-11-19,2.2638,2.2798,2.2503,2.2705,BRL
2013-11-20,2.2713,2.2736,2.2693,2.271,BRL
2013-11-21,2.2703,2.3175,2.2703,2.3055,BRL
2013-11-22,2.3056,2.3171,2.2763,2.278,BRL
2013-11-25,2.2815,2.297,2.2777,2.2835,BRL
2013-11-26,2.2838,2.3081,2.2838,2.2964,BRL
2013-11-27,2.2946,2.3319,2.2937,2.329,BRL
2013-11-28,2.33,2.3438,2.3122,2.3173,BRL
2013-11-29,2.3181,2.341,2.3102,2.3355,BRL
2013-12-02,2.3362,2.3591,2.3326,2.3557,BRL
2013-12-03,2.3541,2.3798,2.3488,2.3756,BRL
2013-12-04,2.3758,2.3925,2.3629,2.3912,BRL
2013-12-05,2.3911,2.396,2.3527,2.3609,BRL
2013-12-06,2.3571,2.375,2.3213,2.3255,BRL
2013-12-09,2.331,2.3323,2.3151,2.3195,BRL
2013-12-10,2.3181,2.3198,2.3044,2.3087,BRL
2013-12-11,2.3066,2.3442,2.3066,2.341,BRL
2013-12-12,2.3415,2.3515,2.3245,2.332,BRL
2013-12-13,2.3351,2.3406,2.3265,2.3295,BRL
2013-12-16,2.3325,2.3355,2.3088,2.3276,BRL
2013-12-17,2.3306,2.331,2.3143,2.3191,BRL
2013-12-18,2.3196,2.3636,2.3152,2.326,BRL
2013-12-19,2.3318,2.3621,2.3313,2.353,BRL
2013-12-20,2.3568,2.3896,2.3568,2.3874,BRL
2013-12-23,2.3877,2.3883,2.3569,2.3568,BRL
2013-12-24,2.3571,2.3575,2.357,2.3568,BRL
2013-12-25,2.357,2.3571,2.357,2.3568,BRL
2013-12-26,2.3571,2.3648,2.3459,2.351,BRL
2013-12-27,2.3591,2.3591,2.3349,2.3382,BRL
2013-12-30,2.3385,2.3655,2.3261,2.3619,BRL
2013-12-31,2.3621,2.3621,2.3621,2.3618,BRL
2014-01-01,2.3618,2.3618,2.3618,2.3618,BRL
2014-01-02,2.3781,2.4099,2.3774,2.3874,BRL
2014-01-03,2.3791,2.3892,2.3682,2.376,BRL
2014-01-06,2.3811,2.3859,2.3709,2.3759,BRL
2014-01-07,2.3806,2.3806,2.3553,2.372,BRL
2014-01-08,2.3726,2.4005,2.3678,2.3964,BRL
2014-01-09,2.3951,2.404,2.3893,2.3902,BRL
2014-01-10,2.3906,2.3976,2.3569,2.3582,BRL
2014-01-13,2.3616,2.3629,2.3387,2.3595,BRL
2014-01-14,2.3574,2.3684,2.3481,2.3501,BRL
2014-01-15,2.3501,2.3609,2.3403,2.3603,BRL
2014-01-16,2.3601,2.3782,2.3445,2.3633,BRL
2014-01-17,2.3617,2.3661,2.3393,2.3423,BRL
2014-01-20,2.3428,2.3445,2.3276,2.344,BRL
2014-01-21,2.3436,2.3684,2.341,2.3573,BRL
2014-01-22,2.3606,2.3769,2.3538,2.3723,BRL
2014-01-23,2.3726,2.4059,2.3681,2.3956,BRL
2014-01-24,2.4001,2.4329,2.3937,2.3977,BRL
2014-01-27,2.401,2.4292,2.3903,2.4205,BRL
2014-01-28,2.4236,2.4305,2.4037,2.4258,BRL
2014-01-29,2.4226,2.4508,2.4226,2.4347,BRL
2014-01-30,2.4371,2.4442,2.408,2.4113,BRL
2014-01-31,2.4086,2.4377,2.3909,2.4122,BRL
2014-02-03,2.4127,2.4406,2.4001,2.4397,BRL
2014-02-04,2.4307,2.4384,2.405,2.4053,BRL
2014-02-05,2.4094,2.42,2.3925,2.3981,BRL
2014-02-06,2.3986,2.4139,2.3773,2.382,BRL
2014-02-07,2.3815,2.394,2.3696,2.3797,BRL
2014-02-10,2.3812,2.4114,2.3806,2.408,BRL
2014-02-11,2.4096,2.4186,2.3955,2.4,BRL
2014-02-12,2.4002,2.4273,2.3974,2.425,BRL
2014-02-13,2.4261,2.4341,2.3924,2.3933,BRL
2014-02-14,2.3946,2.3995,2.3789,2.3888,BRL
2014-02-17,2.3856,2.393,2.3779,2.389,BRL
2014-02-18,2.3886,2.4018,2.3841,2.395,BRL
2014-02-19,2.396,2.4126,2.3846,2.3937,BRL
2014-02-20,2.3976,2.3976,2.3631,2.3701,BRL
2014-02-21,2.3691,2.3781,2.3417,2.3453,BRL
2014-02-24,2.3471,2.3536,2.327,2.339,BRL
2014-02-25,2.3411,2.3454,2.3278,2.3408,BRL
2014-02-26,2.3422,2.3575,2.3338,2.3495,BRL
2014-02-27,2.351,2.357,2.3182,2.3217,BRL
2014-02-28,2.3186,2.3476,2.3183,2.3381,BRL
2014-03-03,2.3384,2.3442,2.3384,2.3438,BRL
2014-03-04,2.3431,2.3438,2.3412,2.3406,BRL
2014-03-05,2.341,2.341,2.3143,2.3178,BRL
2014-03-06,2.3171,2.3249,2.2998,2.3225,BRL
2014-03-07,2.3235,2.3503,2.3221,2.3403,BRL
2014-03-10,2.3455,2.3566,2.3263,2.3491,BRL
2014-03-11,2.3496,2.3687,2.3378,2.3639,BRL
2014-03-12,2.3638,2.3741,2.3526,2.3523,BRL
2014-03-13,2.3553,2.3678,2.3375,2.3636,BRL
2014-03-14,2.3641,2.3766,2.3457,2.346,BRL
2014-03-17,2.3469,2.3573,2.3421,2.3485,BRL
2014-03-18,2.3491,2.3605,2.3331,2.334,BRL
2014-03-19,2.3351,2.3541,2.3247,2.3473,BRL
2014-03-20,2.3478,2.3575,2.32,2.3269,BRL
2014-03-21,2.3281,2.3328,2.315,2.3237,BRL
2014-03-24,2.3236,2.3343,2.3133,2.322,BRL
2014-03-25,2.3235,2.3316,2.2985,2.3108,BRL
2014-03-26,2.3115,2.3202,2.2923,2.3037,BRL
2014-03-27,2.3033,2.3087,2.257,2.2583,BRL
2014-03-28,2.2592,2.2709,2.2478,2.2609,BRL
2014-03-31,2.2634,2.2755,2.2491,2.2714,BRL
2014-04-01,2.2721,2.2761,2.2525,2.2603,BRL
2014-04-02,2.2614,2.2768,2.2591,2.2685,BRL
2014-04-03,2.2685,2.2889,2.2685,2.2788,BRL
2014-04-04,2.2793,2.2795,2.2346,2.2354,BRL
2014-04-07,2.2363,2.2489,2.2119,2.2184,BRL
2014-04-08,2.2193,2.2195,2.1927,2.2009,BRL
2014-04-09,2.2015,2.2195,2.1857,2.1854,BRL
2014-04-10,2.1863,2.2072,2.1814,2.206,BRL
2014-04-11,2.2069,2.2236,2.1969,2.2172,BRL
2014-04-14,2.2183,2.2226,2.2057,2.213,BRL
2014-04-15,2.2143,2.2405,2.2121,2.2324,BRL
2014-04-16,2.2327,2.246,2.2234,2.243,BRL
2014-04-17,2.2439,2.256,2.2325,2.2373,BRL
2014-04-18,2.2378,2.2415,2.235,2.237,BRL
2014-04-21,2.237,2.237,2.237,2.236,BRL
2014-04-22,2.236,2.2504,2.2342,2.2372,BRL
2014-04-23,2.2383,2.2487,2.2204,2.2205,BRL
2014-04-24,2.2216,2.2286,2.2116,2.213,BRL
2014-04-25,2.2138,2.247,2.2116,2.2435,BRL
2014-04-28,2.2421,2.2459,2.2205,2.223,BRL
2014-04-29,2.223,2.2368,2.2058,2.2356,BRL
2014-04-30,2.2363,2.2583,2.2267,2.232,BRL
2014-05-01,2.2338,2.234,2.2332,2.233,BRL
2014-05-02,2.2319,2.2443,2.2132,2.2197,BRL
2014-05-05,2.2297,2.2494,2.2201,2.2429,BRL
2014-05-06,2.2445,2.245,2.2211,2.2289,BRL
2014-05-07,2.2298,2.235,2.2137,2.216,BRL
2014-05-08,2.2158,2.2195,2.1997,2.214,BRL
2014-05-09,2.217,2.2249,2.2099,2.2123,BRL
2014-05-12,2.2184,2.221,2.2085,2.2135,BRL
2014-05-13,2.2146,2.2196,2.2045,2.2143,BRL
2014-05-14,2.2145,2.2206,2.2008,2.2015,BRL
2014-05-15,2.2025,2.2283,2.2025,2.2201,BRL
2014-05-16,2.2187,2.2207,2.2068,2.2138,BRL
2014-05-19,2.2155,2.2183,2.2023,2.2055,BRL
2014-05-20,2.2058,2.2211,2.2058,2.2155,BRL
2014-05-21,2.2138,2.2168,2.2047,2.2065,BRL
2014-05-22,2.2075,2.2207,2.1997,2.2148,BRL
2014-05-23,2.2155,2.2266,2.2112,2.2226,BRL
2014-05-26,2.2223,2.2274,2.2162,2.2236,BRL
2014-05-27,2.2241,2.245,2.2219,2.237,BRL
2014-05-28,2.2382,2.2475,2.2312,2.2321,BRL
2014-05-29,2.232,2.2358,2.2156,2.2245,BRL
2014-05-30,2.2248,2.2472,2.2225,2.2403,BRL
2014-06-02,2.2415,2.2778,2.2413,2.2765,BRL
2014-06-03,2.2773,2.2827,2.2563,2.2795,BRL
2014-06-04,2.28,2.2918,2.2681,2.2776,BRL
2014-06-05,2.2781,2.2814,2.2589,2.2616,BRL
2014-06-06,2.262,2.2621,2.2386,2.2465,BRL
2014-06-09,2.2458,2.2463,2.2228,2.227,BRL
2014-06-10,2.2287,2.2352,2.2217,2.2215,BRL
2014-06-11,2.2218,2.2367,2.2216,2.2325,BRL
2014-06-12,2.2329,2.2339,2.2295,2.2295,BRL
2014-06-13,2.23,2.2417,2.223,2.2237,BRL
2014-06-16,2.2238,2.2387,2.2238,2.2333,BRL
2014-06-17,2.2348,2.2642,2.2303,2.2617,BRL
2014-06-18,2.2618,2.2619,2.2266,2.227,BRL
2014-06-19,2.2263,2.2263,2.2225,2.222,BRL
2014-06-20,2.2225,2.2428,2.2225,2.2285,BRL
2014-06-23,2.2298,2.2348,2.2159,2.2175,BRL
2014-06-24,2.218,2.2272,2.2138,2.2242,BRL
2014-06-25,2.2251,2.2253,2.1996,2.2076,BRL
2014-06-26,2.2078,2.2136,2.1925,2.1964,BRL
2014-06-27,2.1969,2.2075,2.1869,2.1934,BRL
2014-06-30,2.1937,2.2149,2.1937,2.2137,BRL
2014-07-01,2.2146,2.2205,2.1988,2.2013,BRL
2014-07-02,2.202,2.2267,2.2003,2.2245,BRL
2014-07-03,2.2255,2.2455,2.2095,2.2098,BRL
2014-07-04,2.2121,2.2171,2.2098,2.213,BRL
2014-07-07,2.2133,2.2268,2.2092,2.2237,BRL
2014-07-08,2.2253,2.2286,2.2077,2.212,BRL
2014-07-09,2.2123,2.2123,2.2123,2.212,BRL
2014-07-10,2.2099,2.2273,2.2099,2.2191,BRL
2014-07-11,2.2192,2.2271,2.218,2.2205,BRL
2014-07-14,2.2209,2.2228,2.21,2.2104,BRL
2014-07-15,2.2103,2.2273,2.2097,2.2196,BRL
2014-07-16,2.2193,2.2289,2.2128,2.2236,BRL
2014-07-17,2.2238,2.2606,2.2223,2.2575,BRL
2014-07-18,2.2583,2.2588,2.224,2.2245,BRL
2014-07-21,2.2255,2.2309,2.218,2.219,BRL
2014-07-22,2.2215,2.2258,2.2068,2.2129,BRL
2014-07-23,2.2123,2.2234,2.2112,2.2175,BRL
2014-07-24,2.2187,2.2232,2.2123,2.222,BRL
2014-07-25,2.2229,2.2332,2.2183,2.2285,BRL
2014-07-28,2.2303,2.2358,2.2219,2.222,BRL
2014-07-29,2.2232,2.2327,2.2223,2.2303,BRL
2014-07-30,2.2305,2.2604,2.2303,2.2452,BRL
2014-07-31,2.2469,2.2751,2.2469,2.2634,BRL
2014-08-01,2.2635,2.2849,2.2505,2.2572,BRL
2014-08-04,2.2609,2.2663,2.2474,2.258,BRL
2014-08-05,2.2598,2.287,2.2574,2.2815,BRL
2014-08-06,2.2815,2.2962,2.2684,2.273,BRL
2014-08-07,2.2739,2.2995,2.2699,2.2949,BRL
2014-08-08,2.2962,2.3077,2.2798,2.2805,BRL
2014-08-11,2.2821,2.2836,2.2656,2.275,BRL
2014-08-12,2.2755,2.2846,2.2718,2.2765,BRL
2014-08-13,2.2793,2.2882,2.2612,2.2795,BRL
2014-08-14,2.2815,2.2822,2.2642,2.2661,BRL
2014-08-15,2.266,2.2769,2.2569,2.2593,BRL
2014-08-18,2.2599,2.2646,2.2503,2.2575,BRL
2014-08-19,2.2579,2.2657,2.2465,2.2462,BRL
2014-08-20,2.2467,2.2642,2.2467,2.2617,BRL
2014-08-21,2.2626,2.2702,2.2515,2.268,BRL
2014-08-22,2.2692,2.2843,2.2663,2.277,BRL
2014-08-25,2.2778,2.2909,2.2745,2.2875,BRL
2014-08-26,2.2882,2.2893,2.2607,2.261,BRL
2014-08-27,2.2615,2.2662,2.2421,2.2466,BRL
2014-08-28,2.2468,2.2598,2.236,2.2405,BRL
2014-08-29,2.2398,2.2458,2.2329,2.2355,BRL
2014-09-01,2.2362,2.2478,2.2298,2.245,BRL
2014-09-02,2.2462,2.2571,2.2382,2.243,BRL
2014-09-03,2.2429,2.243,2.2259,2.2367,BRL
2014-09-04,2.237,2.247,2.2253,2.2426,BRL
2014-09-05,2.2434,2.2512,2.231,2.2403,BRL
2014-09-08,2.2438,2.2743,2.2396,2.2672,BRL
2014-09-09,2.2681,2.2928,2.268,2.286,BRL
2014-09-10,2.2842,2.3018,2.284,2.2883,BRL
2014-09-11,2.2903,2.2999,2.2819,2.2977,BRL
2014-09-12,2.2983,2.347,2.2977,2.339,BRL
2014-09-15,2.3393,2.3508,2.3286,2.3422,BRL
2014-09-16,2.3428,2.3434,2.3161,2.3317,BRL
2014-09-17,2.3325,2.3644,2.3238,2.3581,BRL
2014-09-18,2.3585,2.377,2.3524,2.3641,BRL
2014-09-19,2.3652,2.386,2.3514,2.3679,BRL
2014-09-22,2.3677,2.399,2.3629,2.3979,BRL
2014-09-23,2.3983,2.4145,2.3874,2.4113,BRL
2014-09-24,2.4118,2.4178,2.3807,2.3828,BRL
2014-09-25,2.3832,2.4333,2.3827,2.4277,BRL
2014-09-26,2.4281,2.4437,2.4089,2.4198,BRL
2014-09-29,2.42,2.4786,2.42,2.4466,BRL
2014-09-30,2.4465,2.4625,2.4427,2.4449,BRL
2014-10-01,2.4444,2.4886,2.4391,2.4805,BRL
2014-10-02,2.4812,2.4983,2.4696,2.4949,BRL
2014-10-03,2.4955,2.5076,2.4559,2.458,BRL
2014-10-06,2.4583,2.4583,2.3718,2.4236,BRL
2014-10-07,2.4265,2.4288,2.3854,2.3956,BRL
2014-10-08,2.3955,2.4316,2.3722,2.3765,BRL
2014-10-09,2.3772,2.4054,2.3561,2.398,BRL
2014-10-10,2.3989,2.4308,2.3981,2.4287,BRL
2014-10-13,2.4295,2.4295,2.3798,2.394,BRL
2014-10-14,2.3938,2.4071,2.3901,2.3995,BRL
2014-10-15,2.3994,2.4633,2.3994,2.458,BRL
2014-10-16,2.458,2.5064,2.4553,2.4715,BRL
2014-10-17,2.473,2.473,2.4228,2.4348,BRL
2014-10-20,2.4359,2.4688,2.4359,2.4646,BRL
2014-10-21,2.4652,2.5015,2.4621,2.4802,BRL
2014-10-22,2.481,2.4932,2.4658,2.486,BRL
2014-10-23,2.4873,2.5188,2.4866,2.4975,BRL
2014-10-24,2.4988,2.5014,2.4475,2.4733,BRL
2014-10-27,2.4739,2.5603,2.4739,2.5218,BRL
2014-10-28,2.5226,2.5226,2.4598,2.4606,BRL
2014-10-29,2.4614,2.4725,2.4242,2.4609,BRL
2014-10-30,2.4612,2.4612,2.393,2.4033,BRL
2014-10-31,2.4042,2.4792,2.3979,2.4779,BRL
2014-11-03,2.4784,2.5091,2.4536,2.4962,BRL
2014-11-04,2.4954,2.5332,2.4913,2.4959,BRL
2014-11-05,2.497,2.5291,2.497,2.5036,BRL
2014-11-06,2.5049,2.5748,2.5039,2.5692,BRL
2014-11-07,2.5697,2.5895,2.5491,2.558,BRL
2014-11-10,2.5588,2.5588,2.531,2.552,BRL
2014-11-11,2.5528,2.5715,2.5528,2.5565,BRL
2014-11-12,2.5575,2.5696,2.5348,2.5657,BRL
2014-11-13,2.5665,2.6093,2.5607,2.5887,BRL
2014-11-14,2.6012,2.6295,2.5924,2.6005,BRL
2014-11-17,2.6018,2.6195,2.5805,2.6077,BRL
2014-11-18,2.6081,2.6081,2.5819,2.582,BRL
2014-11-19,2.5825,2.5994,2.5652,2.5715,BRL
2014-11-20,2.572,2.5731,2.5717,2.5718,BRL
2014-11-21,2.5731,2.5731,2.5092,2.5152,BRL
2014-11-24,2.5153,2.5528,2.5014,2.5453,BRL
2014-11-25,2.5458,2.5524,2.5175,2.5296,BRL
2014-11-26,2.5304,2.5304,2.4953,2.5009,BRL
2014-11-27,2.5012,2.5332,2.4971,2.5302,BRL
2014-11-28,2.5304,2.5825,2.5304,2.5651,BRL
2014-12-01,2.5659,2.581,2.5437,2.5589,BRL
2014-12-02,2.56,2.58,2.5563,2.5669,BRL
2014-12-03,2.5682,2.5875,2.549,2.5515,BRL
2014-12-04,2.5525,2.5927,2.5525,2.5907,BRL
2014-12-05,2.5915,2.6103,2.5729,2.5892,BRL
2014-12-08,2.5895,2.618,2.5884,2.5996,BRL
2014-12-09,2.6004,2.6136,2.5846,2.5928,BRL
2014-12-10,2.593,2.6177,2.5858,2.615,BRL
2014-12-11,2.6163,2.6547,2.6116,2.6494,BRL
2014-12-12,2.6498,2.678,2.6455,2.6541,BRL
2014-12-15,2.6546,2.7005,2.6504,2.6952,BRL
2014-12-16,2.6955,2.7607,2.6833,2.7382,BRL
2014-12-17,2.7384,2.7497,2.6664,2.7145,BRL
2014-12-18,2.7154,2.7154,2.6447,2.6623,BRL
2014-12-19,2.6626,2.67,2.6397,2.6593,BRL
2014-12-22,2.6598,2.6671,2.6441,2.664,BRL
2014-12-23,2.6654,2.7097,2.6521,2.6937,BRL
2014-12-24,2.6946,2.6961,2.6946,2.695,BRL
2014-12-25,2.6956,2.6957,2.6956,2.6952,BRL
2014-12-26,2.6957,2.6975,2.6683,2.6675,BRL
2014-12-29,2.6685,2.7129,2.6675,2.7019,BRL
2014-12-30,2.7027,2.7049,2.6409,2.657,BRL
2014-12-31,2.6575,2.6575,2.6575,2.657,BRL
2015-01-01,2.6575,2.6575,2.6575,2.657,BRL
2015-01-02,2.6575,2.7084,2.6575,2.6931,BRL
2015-01-05,2.6941,2.731,2.6941,2.7059,BRL
2015-01-06,2.7064,2.7237,2.6916,2.6996,BRL
2015-01-07,2.7009,2.7093,2.6736,2.683,BRL
2015-01-08,2.6835,2.7027,2.6612,2.662,BRL
2015-01-09,2.663,2.6743,2.6266,2.6299,BRL
2015-01-12,2.6301,2.6748,2.6301,2.6733,BRL
2015-01-13,2.6735,2.6828,2.6273,2.6425,BRL
2015-01-14,2.643,2.6541,2.6035,2.6159,BRL
2015-01-15,2.6159,2.645,2.5948,2.641,BRL
2015-01-16,2.6422,2.6438,2.6145,2.6204,BRL
2015-01-19,2.621,2.6643,2.6187,2.6511,BRL
2015-01-20,2.6518,2.6525,2.6079,2.6133,BRL
2015-01-21,2.6143,2.6146,2.5856,2.6,BRL
2015-01-22,2.6005,2.6007,2.5494,2.5735,BRL
2015-01-23,2.5745,2.5986,2.5705,2.5785,BRL
2015-01-26,2.5797,2.6089,2.5797,2.5832,BRL
2015-01-27,2.5835,2.5987,2.5651,2.5722,BRL
2015-01-28,2.5725,2.591,2.566,2.5757,BRL
2015-01-29,2.5765,2.6175,2.5761,2.6027,BRL
2015-01-30,2.6035,2.6931,2.6031,2.6814,BRL
2015-02-02,2.6824,2.729,2.6658,2.7261,BRL
2015-02-03,2.7271,2.7282,2.6878,2.694,BRL
2015-02-04,2.6945,2.7486,2.6923,2.7416,BRL
2015-02-05,2.7418,2.7622,2.7222,2.7446,BRL
2015-02-06,2.7451,2.7847,2.7428,2.7815,BRL
2015-02-09,2.7825,2.7972,2.7645,2.7685,BRL
2015-02-10,2.7698,2.8396,2.7694,2.8338,BRL
2015-02-11,2.8343,2.8827,2.8341,2.8688,BRL
2015-02-12,2.8693,2.8789,2.8156,2.8205,BRL
2015-02-13,2.8208,2.8585,2.8152,2.8333,BRL
2015-02-16,2.8346,2.8346,2.8346,2.8333,BRL
2015-02-17,2.8346,2.8346,2.8292,2.829,BRL
2015-02-18,2.8296,2.8494,2.8278,2.8364,BRL
2015-02-19,2.838,2.87,2.838,2.8663,BRL
2015-02-20,2.8665,2.8856,2.854,2.867,BRL
2015-02-23,2.868,2.9042,2.8615,2.8785,BRL
2015-02-24,2.8788,2.8912,2.8261,2.8325,BRL
2015-02-25,2.8327,2.8859,2.8327,2.8745,BRL
2015-02-26,2.875,2.9085,2.841,2.908,BRL
2015-02-27,2.9085,2.9208,2.8386,2.838,BRL
2015-03-02,2.839,2.8979,2.839,2.896,BRL
2015-03-03,2.8965,2.9345,2.891,2.9303,BRL
2015-03-04,2.9311,3.0005,2.9311,2.9755,BRL
2015-03-05,2.9775,3.0224,2.9774,3.0024,BRL
2015-03-06,3.0035,3.0724,2.9829,3.0605,BRL
2015-03-09,3.0617,3.1331,3.0582,3.1215,BRL
2015-03-10,3.1233,3.1729,3.0889,3.1016,BRL
2015-03-11,3.1031,3.1406,3.0827,3.1251,BRL
2015-03-12,3.1255,3.1719,3.0758,3.1647,BRL
2015-03-13,3.1663,3.2808,3.1659,3.2479,BRL
2015-03-16,3.2487,3.2639,3.2064,3.2485,BRL
2015-03-17,3.2445,3.2838,3.2249,3.2392,BRL
2015-03-18,3.2396,3.2801,3.1893,3.2084,BRL
2015-03-19,3.2101,3.307,3.209,3.2915,BRL
2015-03-20,3.2921,3.3163,3.2013,3.2279,BRL
2015-03-23,3.2293,3.2308,3.13,3.1319,BRL
2015-03-24,3.1323,3.1725,3.0919,3.1394,BRL
2015-03-25,3.1398,3.2043,3.1157,3.2002,BRL
2015-03-26,3.2012,3.2244,3.1721,3.1822,BRL
2015-03-27,3.1825,3.2499,3.18,3.2488,BRL
2015-03-30,3.2496,3.2886,3.2074,3.2292,BRL
2015-03-31,3.2294,3.269,3.1656,3.1947,BRL
2015-04-01,3.1951,3.1951,3.1318,3.1647,BRL
2015-04-02,3.1661,3.1856,3.1174,3.1193,BRL
2015-04-03,3.1205,3.1213,3.1199,3.12,BRL
2015-04-06,3.121,3.1278,3.0819,3.1261,BRL
2015-04-07,3.1264,3.1482,3.1096,3.1275,BRL
2015-04-08,3.1288,3.13,3.0462,3.0487,BRL
2015-04-09,3.0496,3.0749,3.0227,3.0585,BRL
2015-04-10,3.0591,3.0946,3.0582,3.0745,BRL
2015-04-13,3.0755,3.1289,3.0747,3.1205,BRL
2015-04-14,3.1229,3.1264,3.0556,3.0623,BRL
2015-04-15,3.0641,3.0949,3.0248,3.0283,BRL
2015-04-16,3.0297,3.0418,2.9986,3.0217,BRL
2015-04-17,3.0224,3.071,3.0044,3.0404,BRL
2015-04-20,3.0536,3.0586,3.0214,3.032,BRL
2015-04-21,3.033,3.0348,3.0294,3.0335,BRL
2015-04-22,3.034,3.0381,2.9965,3.0098,BRL
2015-04-23,3.0113,3.0324,2.969,2.9697,BRL
2015-04-24,2.9707,2.9916,2.9504,2.9511,BRL
2015-04-27,2.9515,2.9606,2.8983,2.916,BRL
2015-04-28,2.9174,2.9447,2.8816,2.936,BRL
2015-04-29,2.9366,2.965,2.9137,2.9597,BRL
2015-04-30,2.962,3.0207,2.9488,3.014,BRL
2015-05-01,3.0152,3.0175,3.0111,3.0131,BRL
2015-05-04,3.0165,3.0961,3.0121,3.0855,BRL
2015-05-05,3.0864,3.0912,3.0419,3.0525,BRL
2015-05-06,3.0566,3.076,3.0216,3.0321,BRL
2015-05-07,3.0331,3.0635,3.0148,3.0245,BRL
2015-05-08,3.0252,3.0435,2.973,2.972,BRL
2015-05-11,2.9757,3.0628,2.9751,3.06,BRL
2015-05-12,3.0597,3.0781,3.0121,3.0193,BRL
2015-05-13,3.0198,3.0442,2.982,3.0389,BRL
2015-05-14,3.0397,3.0423,2.989,2.993,BRL
2015-05-15,2.9936,3.015,2.9702,2.9957,BRL
2015-05-18,2.9966,3.031,2.9936,3.0062,BRL
2015-05-19,3.0078,3.0449,3.0027,3.0391,BRL
2015-05-20,3.0393,3.0457,2.9977,3.0017,BRL
2015-05-21,3.0028,3.0466,2.9972,3.0376,BRL
2015-05-22,3.0393,3.1006,3.0325,3.0934,BRL
2015-05-25,3.0962,3.1338,3.0896,3.0957,BRL
2015-05-26,3.0974,3.1558,3.0918,3.153,BRL
2015-05-27,3.1537,3.1859,3.1384,3.1394,BRL
2015-05-28,3.141,3.1895,3.1406,3.1621,BRL
2015-05-29,3.1629,3.1966,3.1403,3.1788,BRL
2015-06-01,3.1795,3.2143,3.1582,3.1703,BRL
2015-06-02,3.1715,3.1769,3.1251,3.1296,BRL
2015-06-03,3.1304,3.1468,3.1023,3.1336,BRL
2015-06-04,3.1341,3.1477,3.133,3.1403,BRL
2015-06-05,3.1417,3.1895,3.1073,3.1433,BRL
2015-06-08,3.1433,3.1497,3.1056,3.1124,BRL
2015-06-09,3.1133,3.1203,3.0889,3.096,BRL
2015-06-10,3.0969,3.119,3.0613,3.1172,BRL
2015-06-11,3.1179,3.1716,3.0887,3.0893,BRL
2015-06-12,3.0902,3.1292,3.0894,3.117,BRL
2015-06-15,3.1192,3.1394,3.092,3.1296,BRL
2015-06-16,3.1269,3.141,3.0833,3.0874,BRL
2015-06-17,3.0883,3.1058,3.0504,3.0564,BRL
2015-06-18,3.0558,3.0643,3.0296,3.0593,BRL
2015-06-19,3.059,3.1035,3.0538,3.0963,BRL
2015-06-22,3.0967,3.1031,3.0663,3.0799,BRL
2015-06-23,3.0812,3.1163,3.0746,3.0748,BRL
2015-06-24,3.0759,3.1032,3.0627,3.0968,BRL
2015-06-25,3.0979,3.1332,3.0806,3.1269,BRL
2015-06-26,3.128,3.1435,3.1177,3.1289,BRL
2015-06-29,3.1307,3.1524,3.1052,3.1175,BRL
2015-06-30,3.1185,3.1279,3.0857,3.102,BRL
2015-07-01,3.1031,3.1502,3.0966,3.1485,BRL
2015-07-02,3.1498,3.1593,3.0929,3.0952,BRL
2015-07-03,3.0979,3.1423,3.0968,3.134,BRL
2015-07-06,3.1346,3.1548,3.1299,3.1387,BRL
2015-07-07,3.1378,3.2019,3.1357,3.1863,BRL
2015-07-08,3.1872,3.2434,3.1797,3.2335,BRL
2015-07-09,3.2367,3.2402,3.213,3.2188,BRL
2015-07-10,3.22,3.2274,3.1573,3.1583,BRL
2015-07-13,3.16,3.1794,3.1285,3.1335,BRL
2015-07-14,3.1347,3.1443,3.1128,3.1389,BRL
2015-07-15,3.1403,3.1665,3.1286,3.1385,BRL
2015-07-16,3.1387,3.162,3.1275,3.158,BRL
2015-07-17,3.1588,3.2036,3.1518,3.1873,BRL
2015-07-20,3.1889,3.2252,3.1874,3.1977,BRL
2015-07-21,3.1986,3.2014,3.1632,3.171,BRL
2015-07-22,3.172,3.235,3.171,3.2228,BRL
2015-07-23,3.2233,3.299,3.2193,3.2849,BRL
2015-07-24,3.2862,3.3576,3.285,3.3544,BRL
2015-07-27,3.3548,3.382,3.3453,3.3635,BRL
2015-07-28,3.3647,3.435,3.3424,3.3573,BRL
2015-07-29,3.3562,3.3717,3.3126,3.3298,BRL
2015-07-30,3.3279,3.3851,3.3237,3.3705,BRL
2015-07-31,3.3735,3.4319,3.3359,3.4204,BRL
2015-08-03,3.4227,3.4616,3.4206,3.4511,BRL
2015-08-04,3.4505,3.4889,3.4294,3.4702,BRL
2015-08-05,3.4701,3.5002,3.4523,3.4855,BRL
2015-08-06,3.4863,3.5703,3.4845,3.5347,BRL
2015-08-07,3.5399,3.5686,3.491,3.5057,BRL
2015-08-10,3.5077,3.5268,3.4343,3.4341,BRL
2015-08-11,3.435,3.517,3.4345,3.4744,BRL
2015-08-12,3.4746,3.5049,3.4456,3.4804,BRL
2015-08-13,3.481,3.5289,3.4737,3.5181,BRL
2015-08-14,3.5196,3.5254,3.4595,3.4834,BRL
2015-08-17,3.4879,3.5059,3.4606,3.4797,BRL
2015-08-18,3.4803,3.5043,3.4548,3.4678,BRL
2015-08-19,3.4669,3.5154,3.4592,3.4924,BRL
2015-08-20,3.4933,3.5226,3.4481,3.4559,BRL
2015-08-21,3.4565,3.5083,3.4518,3.4993,BRL
2015-08-24,3.4998,3.5801,3.4992,3.5531,BRL
2015-08-25,3.5515,3.6177,3.5156,3.6172,BRL
2015-08-26,3.6176,3.656,3.5876,3.5952,BRL
2015-08-27,3.5962,3.5992,3.5389,3.5506,BRL
2015-08-28,3.5544,3.6018,3.5438,3.5808,BRL
2015-08-31,3.582,3.6838,3.5818,3.6187,BRL
2015-09-01,3.6189,3.7045,3.6187,3.7016,BRL
2015-09-02,3.7032,3.773,3.6913,3.7588,BRL
2015-09-03,3.7603,3.817,3.7334,3.7377,BRL
2015-09-04,3.7406,3.8621,3.7375,3.8439,BRL
2015-09-07,3.8434,3.8449,3.8376,3.8372,BRL
2015-09-08,3.8389,3.8415,3.7787,3.8185,BRL
2015-09-09,3.8191,3.8228,3.7641,3.7778,BRL
2015-09-10,3.7788,3.9167,3.7753,3.8491,BRL
2015-09-11,3.8456,3.894,3.8199,3.87,BRL
2015-09-14,3.8735,3.8935,3.8051,3.8139,BRL
2015-09-15,3.8151,3.884,3.8065,3.863,BRL
2015-09-16,3.8634,3.8684,3.8182,3.8277,BRL
2015-09-17,3.8299,3.9089,3.8278,3.8976,BRL
2015-09-18,3.899,3.9631,3.8617,3.9445,BRL
2015-09-21,3.9439,3.999,3.9311,3.9854,BRL
2015-09-22,3.985,4.0676,3.9822,4.0487,BRL
2015-09-23,4.0501,4.1797,4.014,4.1775,BRL
2015-09-24,4.1788,4.2486,3.9364,3.9363,BRL
2015-09-25,3.9368,4.0084,3.8818,3.9768,BRL
2015-09-28,3.9761,4.114,3.974,4.1068,BRL
2015-09-29,4.1074,4.1542,4.0113,4.0619,BRL
2015-09-30,4.0632,4.0647,3.9225,3.9478,BRL
2015-10-01,3.951,4.0207,3.9375,4.0092,BRL
2015-10-02,4.0082,4.0458,3.9283,3.9316,BRL
2015-10-05,3.9336,3.9516,3.8885,3.9118,BRL
2015-10-06,3.9128,3.9429,3.8263,3.8534,BRL
2015-10-07,3.854,3.8932,3.7878,3.8826,BRL
2015-10-08,3.8852,3.9095,3.7785,3.7832,BRL
2015-10-09,3.7851,3.7934,3.7232,3.7651,BRL
2015-10-12,3.7636,3.767,3.7598,3.7624,BRL
2015-10-13,3.7641,3.9003,3.7554,3.8922,BRL
2015-10-14,3.8939,3.8964,3.8068,3.8104,BRL
2015-10-15,3.8119,3.8766,3.7787,3.8028,BRL
2015-10-16,3.7988,3.9544,3.794,3.9237,BRL
2015-10-19,3.9239,3.9302,3.8614,3.8842,BRL
2015-10-20,3.8856,3.9162,3.8462,3.9058,BRL
2015-10-21,3.9066,3.9665,3.9025,3.9399,BRL
2015-10-22,3.9415,3.9642,3.9043,3.9073,BRL
2015-10-23,3.908,3.9307,3.8657,3.8792,BRL
2015-10-26,3.8805,3.9241,3.8257,3.9045,BRL
2015-10-27,3.9056,3.933,3.8862,3.8868,BRL
2015-10-28,3.8884,3.9381,3.8554,3.9079,BRL
2015-10-29,3.9085,3.957,3.8457,3.8494,BRL
2015-10-30,3.8519,3.8909,3.8247,3.8562,BRL
2015-11-02,3.8562,3.8584,3.8504,3.8492,BRL
2015-11-03,3.8506,3.8743,3.7413,3.7697,BRL
2015-11-04,3.771,3.8158,3.7457,3.8001,BRL
2015-11-05,3.8,3.8179,3.7653,3.7798,BRL
2015-11-06,3.7822,3.8429,3.7514,3.7698,BRL
2015-11-09,3.7713,3.807,3.7688,3.7988,BRL
2015-11-10,3.7989,3.8247,3.7338,3.7507,BRL
2015-11-11,3.751,3.7875,3.705,3.7624,BRL
2015-11-12,3.7642,3.8267,3.74,3.7707,BRL
2015-11-13,3.771,3.8507,3.7623,3.8441,BRL
2015-11-16,3.8453,3.8614,3.8126,3.8192,BRL
2015-11-17,3.8187,3.8315,3.7862,3.809,BRL
2015-11-18,3.8104,3.8146,3.763,3.7653,BRL
2015-11-19,3.7667,3.7736,3.7135,3.7166,BRL
2015-11-20,3.7195,3.7675,3.7041,3.7037,BRL
2015-11-23,3.7053,3.7405,3.7046,3.7315,BRL
2015-11-24,3.7331,3.7453,3.6929,3.6985,BRL
2015-11-25,3.7009,3.8069,3.6947,3.741,BRL
2015-11-26,3.7425,3.7696,3.7327,3.7419,BRL
2015-11-27,3.7432,3.8481,3.716,3.8449,BRL
2015-11-30,3.8461,3.9233,3.8341,3.8675,BRL
2015-12-01,3.8687,3.9039,3.8253,3.856,BRL
2015-12-02,3.858,3.8766,3.8225,3.8337,BRL
2015-12-03,3.8351,3.8374,3.7332,3.7581,BRL
2015-12-04,3.7595,3.7892,3.7237,3.7506,BRL
2015-12-07,3.754,3.779,3.7285,3.7666,BRL
2015-12-08,3.768,3.8214,3.7442,3.7947,BRL
2015-12-09,3.7964,3.8195,3.7158,3.7487,BRL
2015-12-10,3.7503,3.8155,3.7406,3.8111,BRL
2015-12-11,3.8122,3.8899,3.8051,3.8715,BRL
2015-12-14,3.873,3.9238,3.8572,3.8764,BRL
2015-12-15,3.8774,3.911,3.8498,3.8715,BRL
2015-12-16,3.8737,3.9668,3.8727,3.8833,BRL
2015-12-17,3.8845,3.9183,3.8585,3.8781,BRL
2015-12-18,3.8796,3.9854,3.8755,3.9809,BRL
2015-12-21,3.9823,4.0419,3.9621,4.0119,BRL
2015-12-22,4.0135,4.0175,3.9715,3.9884,BRL
2015-12-23,3.9898,3.9969,3.9399,3.9404,BRL
2015-12-24,3.9415,3.953,3.9336,3.9515,BRL
2015-12-25,3.9531,3.9544,3.9463,3.9448,BRL
2015-12-28,3.9463,3.965,3.8569,3.8571,BRL
2015-12-29,3.8585,3.8955,3.8396,3.864,BRL
2015-12-30,3.8658,4.02,3.8538,3.9593,BRL
2015-12-31,3.9593,3.9593,3.9593,3.9593,BRL
2016-01-01,3.9593,3.9593,3.9593,3.9593,BRL
2016-01-04,3.9608,4.0706,3.959,4.0387,BRL
2016-01-05,4.0403,4.0585,3.9876,4.0062,BRL
2016-01-06,4.0071,4.0565,4.0032,4.0229,BRL
2016-01-07,4.0248,4.074,4.0216,4.0433,BRL
2016-01-08,4.0453,4.0561,4.0042,4.023,BRL
2016-01-11,4.0245,4.0671,4.0014,4.0522,BRL
2016-01-12,4.0537,4.0625,4.0184,4.0275,BRL
2016-01-13,4.0293,4.0299,3.97,4.0143,BRL
2016-01-14,4.0163,4.0424,3.9901,3.9981,BRL
2016-01-15,4.0003,4.0662,4.0002,4.0464,BRL
2016-01-18,4.0484,4.0575,4.0157,4.0542,BRL
2016-01-19,4.0555,4.0662,3.9983,4.0611,BRL
2016-01-20,4.0624,4.1306,4.0609,4.0956,BRL
2016-01-21,4.097,4.1731,4.0965,4.156,BRL
2016-01-22,4.1576,4.16,4.0922,4.093,BRL
2016-01-25,4.0946,4.0966,4.0894,4.0888,BRL
2016-01-26,4.0901,4.124,4.0474,4.0521,BRL
2016-01-27,4.0545,4.1113,4.0285,4.1062,BRL
2016-01-28,4.1095,4.1251,4.0337,4.0684,BRL
2016-01-29,4.0702,4.0963,3.9916,3.9973,BRL
2016-02-01,3.9992,4.0273,3.9489,3.9614,BRL
2016-02-02,3.9627,4.0213,3.9608,3.988,BRL
2016-02-03,3.9893,3.9955,3.8942,3.8939,BRL
2016-02-04,3.8957,3.9056,3.8444,3.8882,BRL
2016-02-05,3.8897,3.9292,3.8597,3.902,BRL
2016-02-08,3.9037,3.9045,3.8938,3.8939,BRL
2016-02-09,3.897,3.8996,3.8831,3.8841,BRL
2016-02-10,3.8844,3.9495,3.882,3.927,BRL
2016-02-11,3.9284,4.0158,3.924,3.9931,BRL
2016-02-12,3.9946,4.0065,3.9658,4.0012,BRL
2016-02-15,4.0027,4.0063,3.976,4.0045,BRL
2016-02-16,4.0071,4.0786,3.9873,4.0708,BRL
2016-02-17,4.0709,4.075,3.9664,3.9836,BRL
2016-02-18,3.9856,4.0542,3.9705,4.0269,BRL
2016-02-19,4.0274,4.0673,4.0132,4.0199,BRL
2016-02-22,4.0214,4.0242,3.9302,3.9458,BRL
2016-02-23,3.9478,3.9811,3.9382,3.9554,BRL
2016-02-24,3.9584,4.0087,3.9466,3.9576,BRL
2016-02-25,3.9588,3.967,3.9203,3.9545,BRL
2016-02-26,3.9559,4.0183,3.9304,3.9925,BRL
2016-02-29,3.9948,4.0236,3.9499,4.0156,BRL
2016-03-01,4.0172,4.0225,3.9258,3.926,BRL
2016-03-02,3.9278,3.9418,3.8838,3.8917,BRL
2016-03-03,3.8945,3.8995,3.7763,3.7976,BRL
2016-03-04,3.799,3.801,3.654,3.7586,BRL
2016-03-07,3.7588,3.7974,3.7344,3.7815,BRL
2016-03-08,3.7841,3.8031,3.7326,3.7541,BRL
2016-03-09,3.7558,3.7572,3.6799,3.6834,BRL
2016-03-10,3.685,3.7094,3.6079,3.62,BRL
2016-03-11,3.6219,3.6689,3.5725,3.5811,BRL
2016-03-14,3.5828,3.6629,3.577,3.6605,BRL
2016-03-15,3.6623,3.7805,3.6543,3.7641,BRL
2016-03-16,3.7658,3.8534,3.7309,3.7414,BRL
2016-03-17,3.7423,3.7455,3.6027,3.6258,BRL
2016-03-18,3.6253,3.6755,3.5723,3.6225,BRL
2016-03-21,3.6245,3.6489,3.5991,3.6165,BRL
2016-03-22,3.6181,3.6528,3.5748,3.5806,BRL
2016-03-23,3.581,3.6869,3.5773,3.6841,BRL
2016-03-24,3.6855,3.7219,3.6768,3.6756,BRL
2016-03-25,3.6781,3.6848,3.6772,3.683,BRL
2016-03-28,3.6871,3.6891,3.6203,3.627,BRL
2016-03-29,3.6275,3.6773,3.6234,3.6379,BRL
2016-03-30,3.6384,3.6497,3.5968,3.5988,BRL
2016-03-31,3.6017,3.6341,3.5318,3.5925,BRL
2016-04-01,3.591,3.6234,3.5352,3.5525,BRL
2016-04-04,3.5536,3.6292,3.5464,3.6228,BRL
2016-04-05,3.6233,3.6863,3.6198,3.6795,BRL
2016-04-06,3.6804,3.7098,3.6331,3.6398,BRL
2016-04-07,3.6415,3.7191,3.6391,3.689,BRL
2016-04-08,3.6901,3.6915,3.5865,3.5886,BRL
2016-04-11,3.5876,3.5919,3.4866,3.4912,BRL
2016-04-12,3.4915,3.5633,3.4772,3.492,BRL
2016-04-13,3.4887,3.564,3.4712,3.4974,BRL
2016-04-14,3.4983,3.5331,3.4577,3.4824,BRL
2016-04-15,3.482,3.56,3.4682,3.5325,BRL
2016-04-18,3.5315,3.6191,3.4714,3.6147,BRL
2016-04-19,3.615,3.6171,3.5237,3.5326,BRL
2016-04-20,3.53,3.5673,3.5239,3.5284,BRL
2016-04-21,3.5295,3.5386,3.5237,3.5371,BRL
2016-04-22,3.5386,3.6004,3.5263,3.5638,BRL
2016-04-25,3.5657,3.5703,3.5387,3.5543,BRL
2016-04-26,3.5583,3.5595,3.5176,3.5288,BRL
2016-04-27,3.5287,3.5563,3.5112,3.5262,BRL
2016-04-28,3.527,3.5293,3.4808,3.4875,BRL
2016-04-29,3.4879,3.4978,3.4288,3.4352,BRL
2016-05-02,3.4364,3.5088,3.4338,3.5006,BRL
2016-05-03,3.5004,3.5824,3.4989,3.5584,BRL
2016-05-04,3.5572,3.573,3.5252,3.5462,BRL
2016-05-05,3.5472,3.552,3.507,3.5343,BRL
2016-05-06,3.5347,3.5737,3.4938,3.5008,BRL
2016-05-09,3.5025,3.6762,3.4913,3.5152,BRL
2016-05-10,3.517,3.5183,3.4628,3.4753,BRL
2016-05-11,3.4761,3.4825,3.4398,3.4513,BRL
2016-05-12,3.4529,3.5066,3.4349,3.4845,BRL
2016-05-13,3.4855,3.5343,3.4645,3.5325,BRL
2016-05-16,3.5324,3.5356,3.4949,3.4988,BRL
2016-05-17,3.4994,3.529,3.4819,3.4873,BRL
2016-05-18,3.4887,3.5695,3.4867,3.567,BRL
2016-05-19,3.5681,3.6192,3.5518,3.5631,BRL
2016-05-20,3.5648,3.5668,3.5162,3.5195,BRL
2016-05-23,3.52,3.5894,3.5136,3.5722,BRL
2016-05-24,3.5732,3.5902,3.542,3.5703,BRL
2016-05-25,3.5713,3.6222,3.5516,3.5833,BRL
2016-05-26,3.5836,3.5857,3.5769,3.581,BRL
2016-05-27,3.5839,3.63,3.5807,3.6105,BRL
2016-05-30,3.6125,3.6163,3.568,3.57,BRL
2016-05-31,3.5715,3.6386,3.5545,3.6105,BRL
2016-06-01,3.6095,3.636,3.577,3.5996,BRL
2016-06-02,3.601,3.6162,3.5775,3.5916,BRL
2016-06-03,3.5925,3.5955,3.522,3.5237,BRL
2016-06-06,3.528,3.5292,3.4845,3.4885,BRL
2016-06-07,3.4895,3.5136,3.4411,3.441,BRL
2016-06-08,3.4421,3.4465,3.359,3.3615,BRL
2016-06-09,3.3629,3.4057,3.3566,3.3995,BRL
2016-06-10,3.399,3.4482,3.395,3.4175,BRL
2016-06-13,3.4205,3.4884,3.4138,3.4817,BRL
2016-06-14,3.4835,3.5159,3.4569,3.4802,BRL
2016-06-15,3.4808,3.5013,3.4448,3.4726,BRL
2016-06-16,3.4746,3.5112,3.462,3.4656,BRL
2016-06-17,3.4662,3.4674,3.4149,3.4158,BRL
2016-06-20,3.4178,3.4181,3.3743,3.3934,BRL
2016-06-21,3.3945,3.4174,3.3553,3.4153,BRL
2016-06-22,3.4158,3.4179,3.3674,3.3756,BRL
2016-06-23,3.3768,3.3807,3.3364,3.3376,BRL
2016-06-24,3.3379,3.4497,3.3319,3.3725,BRL
2016-06-27,3.3727,3.4165,3.3663,3.3916,BRL
2016-06-28,3.392,3.3957,3.2987,3.3016,BRL
2016-06-29,3.3033,3.3096,3.2184,3.2215,BRL
2016-06-30,3.2227,3.2483,3.1824,3.2126,BRL
2016-07-01,3.2137,3.2484,3.196,3.2348,BRL
2016-07-04,3.2341,3.2711,3.23,3.2692,BRL
2016-07-05,3.2697,3.3063,3.269,3.3019,BRL
2016-07-06,3.303,3.3442,3.2992,3.3296,BRL
2016-07-07,3.3317,3.3712,3.3204,3.3668,BRL
2016-07-08,3.3678,3.3691,3.2822,3.2995,BRL
2016-07-11,3.3002,3.3195,3.2917,3.3085,BRL
2016-07-12,3.3108,3.3125,3.2646,3.2945,BRL
2016-07-13,3.2964,3.3085,3.2638,3.263,BRL
2016-07-14,3.2638,3.2676,3.2168,3.2501,BRL
2016-07-15,3.2534,3.2849,3.2425,3.2808,BRL
2016-07-18,3.2777,3.2845,3.246,3.2522,BRL
2016-07-19,3.2535,3.2855,3.2484,3.2488,BRL
2016-07-20,3.2486,3.2638,3.2385,3.2588,BRL
2016-07-21,3.2592,3.289,3.2423,3.271,BRL
2016-07-22,3.2723,3.2972,3.2539,3.2563,BRL
2016-07-25,3.2568,3.2973,3.255,3.2845,BRL
2016-07-26,3.2864,3.2943,3.265,3.2762,BRL
2016-07-27,3.2766,3.2962,3.2599,3.2633,BRL
2016-07-28,3.2633,3.299,3.2547,3.2884,BRL
2016-07-29,3.2892,3.2928,3.2274,3.2471,BRL
2016-08-01,3.2496,3.2767,3.2466,3.2644,BRL
2016-08-02,3.2645,3.2726,3.2376,3.2568,BRL
2016-08-03,3.2571,3.2928,3.2367,3.2367,BRL
2016-08-04,3.238,3.2411,3.1909,3.1935,BRL
2016-08-05,3.1935,3.1993,3.1594,3.1645,BRL
2016-08-08,3.1651,3.1903,3.1592,3.1741,BRL
2016-08-09,3.1753,3.1763,3.1276,3.1448,BRL
2016-08-10,3.1457,3.1509,3.1127,3.1266,BRL
2016-08-11,3.1269,3.1548,3.1234,3.1447,BRL
2016-08-12,3.1439,3.1948,3.1392,3.1917,BRL
2016-08-15,3.192,3.1939,3.1562,3.1856,BRL
2016-08-16,3.1861,3.206,3.1556,3.2014,BRL
2016-08-17,3.2024,3.2356,3.1978,3.2032,BRL
2016-08-18,3.2042,3.2461,3.1995,3.2383,BRL
2016-08-19,3.2392,3.2505,3.2029,3.2025,BRL
2016-08-22,3.2071,3.2276,3.197,3.2005,BRL
2016-08-23,3.2015,3.2375,3.1842,3.2325,BRL
2016-08-24,3.234,3.2501,3.2181,3.2246,BRL
2016-08-25,3.2256,3.2423,3.2157,3.2361,BRL
2016-08-26,3.2367,3.2786,3.189,3.2641,BRL
2016-08-29,3.2665,3.2908,3.2294,3.2293,BRL
2016-08-30,3.2299,3.2642,3.2179,3.241,BRL
2016-08-31,3.2412,3.2569,3.2155,3.2266,BRL
2016-09-01,3.2262,3.264,3.2189,3.2578,BRL
2016-09-02,3.2584,3.2708,3.2238,3.2555,BRL
2016-09-05,3.2573,3.2858,3.2467,3.282,BRL
2016-09-06,3.2828,3.2839,3.1941,3.194,BRL
2016-09-07,3.1968,3.2032,3.1928,3.1915,BRL
2016-09-08,3.193,3.2197,3.165,3.2134,BRL
2016-09-09,3.2095,3.2848,3.2093,3.272,BRL
2016-09-12,3.2732,3.31,3.2409,3.2452,BRL
2016-09-13,3.2457,3.3336,3.243,3.3131,BRL
2016-09-14,3.3132,3.3501,3.2977,3.342,BRL
2016-09-15,3.3448,3.3678,3.2926,3.3019,BRL
2016-09-16,3.3019,3.3202,3.2602,3.2615,BRL
2016-09-19,3.2625,3.2787,3.2516,3.2725,BRL
2016-09-20,3.2728,3.2756,3.2451,3.2576,BRL
2016-09-21,3.2589,3.2605,3.2051,3.2056,BRL
2016-09-22,3.207,3.2285,3.1809,3.2199,BRL
2016-09-23,3.2211,3.2518,3.2016,3.2438,BRL
2016-09-26,3.2451,3.2531,3.2236,3.2392,BRL
2016-09-27,3.2398,3.2482,3.2185,3.2335,BRL
2016-09-28,3.2352,3.2555,3.2126,3.2157,BRL
2016-09-29,3.2183,3.2702,3.2137,3.258,BRL
2016-09-30,3.2592,3.263,3.2297,3.2589,BRL
2016-10-03,3.2631,3.264,3.198,3.209,BRL
2016-10-04,3.2094,3.2615,3.2062,3.2563,BRL
2016-10-05,3.2579,3.2615,3.217,3.2191,BRL
2016-10-06,3.2202,3.2445,3.2173,3.2295,BRL
2016-10-07,3.2283,3.2419,3.1912,3.219,BRL
2016-10-10,3.2227,3.2238,3.1975,3.205,BRL
2016-10-11,3.2066,3.2268,3.1939,3.1946,BRL
2016-10-12,3.1965,3.2047,3.1948,3.201,BRL
2016-10-13,3.2026,3.2188,3.176,3.177,BRL
2016-10-14,3.178,3.2081,3.1639,3.2036,BRL
2016-10-17,3.2066,3.2168,3.1885,3.2007,BRL
2016-10-18,3.2023,3.2068,3.1738,3.1873,BRL
2016-10-19,3.1878,3.198,3.1636,3.1682,BRL
2016-10-20,3.1699,3.1737,3.134,3.1418,BRL
2016-10-21,3.1433,3.1691,3.137,3.1496,BRL
2016-10-24,3.1515,3.154,3.114,3.1231,BRL
2016-10-25,3.1243,3.1373,3.1017,3.1136,BRL
2016-10-26,3.1142,3.1534,3.111,3.1394,BRL
2016-10-27,3.1409,3.174,3.1276,3.1686,BRL
2016-10-28,3.1707,3.2072,3.1573,3.205,BRL
2016-10-31,3.2045,3.2065,3.1628,3.1878,BRL
2016-11-01,3.1891,3.255,3.1777,3.2355,BRL
2016-11-02,3.2367,3.2425,3.2355,3.2344,BRL
2016-11-03,3.2358,3.2565,3.2198,3.241,BRL
2016-11-04,3.2423,3.264,3.2162,3.2322,BRL
2016-11-07,3.2348,3.2366,3.1876,3.2005,BRL
2016-11-08,3.2012,3.2153,3.1621,3.168,BRL
2016-11-09,3.1695,3.2493,3.165,3.2157,BRL
2016-11-10,3.2186,3.3963,3.2088,3.3849,BRL
2016-11-11,3.3889,3.508,3.3706,3.39,BRL
2016-11-14,3.3932,3.4746,3.3893,3.4316,BRL
2016-11-15,3.4331,3.4457,3.432,3.4389,BRL
2016-11-16,3.4405,3.4457,3.4027,3.419,BRL
2016-11-17,3.42,3.4531,3.3867,3.4178,BRL
2016-11-18,3.4181,3.4429,3.3716,3.3825,BRL
2016-11-21,3.3838,3.3847,3.3399,3.3511,BRL
2016-11-22,3.3527,3.3913,3.3277,3.354,BRL
2016-11-23,3.3546,3.4204,3.3524,3.393,BRL
2016-11-24,3.3944,3.4379,3.3822,3.3905,BRL
2016-11-25,3.3917,3.4683,3.3909,3.4208,BRL
2016-11-28,3.4225,3.4237,3.3815,3.3844,BRL
2016-11-29,3.3857,3.4144,3.3793,3.3975,BRL
2016-11-30,3.3998,3.4574,3.3756,3.3827,BRL
2016-12-01,3.3854,3.4802,3.3815,3.4703,BRL
2016-12-02,3.472,3.4927,3.4443,3.475,BRL
2016-12-05,3.4755,3.4813,3.4175,3.4201,BRL
2016-12-06,3.4218,3.4669,3.394,3.4075,BRL
2016-12-07,3.408,3.4205,3.3767,3.3825,BRL
2016-12-08,3.383,3.4181,3.3698,3.375,BRL
2016-12-09,3.3755,3.4117,3.3517,3.377,BRL
2016-12-12,3.3785,3.4085,3.3355,3.338,BRL
2016-12-13,3.3388,3.3653,3.3172,3.3345,BRL
2016-12-14,3.3362,3.3728,3.3017,3.369,BRL
2016-12-15,3.3705,3.4087,3.3626,3.369,BRL
2016-12-16,3.372,3.4125,3.3426,3.3915,BRL
2016-12-19,3.392,3.4038,3.3605,3.3645,BRL
2016-12-20,3.365,3.3786,3.3399,3.3536,BRL
2016-12-21,3.359,3.359,3.3217,3.3265,BRL
2016-12-22,3.328,3.3481,3.286,3.2865,BRL
2016-12-23,3.2875,3.2931,3.2578,3.2705,BRL
2016-12-26,3.271,3.2859,3.2638,3.276,BRL
2016-12-27,3.277,3.2905,3.2676,3.2697,BRL
2016-12-28,3.2712,3.2963,3.2629,3.284,BRL
2016-12-29,3.282,3.2825,3.2408,3.2532,BRL
2016-12-30,3.2532,3.2532,3.2532,3.2532,BRL
2017-01-02,3.2547,3.2891,3.252,3.2851,BRL
2017-01-03,3.2817,3.2926,3.2464,3.2644,BRL
2017-01-04,3.2523,3.2523,3.2104,3.216,BRL
2017-01-05,3.2163,3.2298,3.1932,3.1988,BRL
2017-01-06,3.198,3.2245,3.1876,3.2239,BRL
2017-01-09,3.2245,3.2319,3.1898,3.1967,BRL
2017-01-10,3.1961,3.2018,3.1809,3.1955,BRL
2017-01-11,3.1955,3.2306,3.1772,3.1965,BRL
2017-01-12,3.1975,3.2001,3.1526,3.1878,BRL
2017-01-13,3.1881,3.2241,3.1795,3.2205,BRL
2017-01-16,3.2246,3.2449,3.2169,3.2415,BRL
2017-01-17,3.2418,3.2418,3.1961,3.2113,BRL
2017-01-18,3.2149,3.2321,3.2134,3.2307,BRL
2017-01-19,3.2315,3.235,3.193,3.196,BRL
2017-01-20,3.2002,3.2047,3.169,3.1685,BRL
2017-01-23,3.169,3.1837,3.1537,3.1628,BRL
2017-01-24,3.1625,3.1755,3.1581,3.1697,BRL
2017-01-25,3.1697,3.1697,3.1697,3.1697,BRL
2017-01-26,3.1702,3.1947,3.1613,3.1775,BRL
2017-01-27,3.178,3.1823,3.1391,3.14,BRL
2017-01-30,3.1396,3.1534,3.1128,3.1255,BRL
2017-01-31,3.127,3.1569,3.1016,3.1507,BRL
2017-02-01,3.1515,3.1634,3.127,3.1285,BRL
2017-02-02,3.1295,3.1304,3.1075,3.1235,BRL
2017-02-03,3.124,3.1393,3.1045,3.1174,BRL
2017-02-06,3.119,3.1278,3.1048,3.1155,BRL
2017-02-07,3.116,3.1373,3.1154,3.12,BRL
2017-02-08,3.1205,3.1302,3.1125,3.117,BRL
2017-02-09,3.1175,3.1338,3.1135,3.1299,BRL
2017-02-10,3.1302,3.131,3.1052,3.1145,BRL
2017-02-13,3.1138,3.1239,3.1075,3.111,BRL
2017-02-14,3.1115,3.1278,3.0822,3.084,BRL
2017-02-15,3.085,3.0961,3.0538,3.0565,BRL
2017-02-16,3.0575,3.0909,3.0387,3.0889,BRL
2017-02-17,3.086,3.1091,3.0787,3.1035,BRL
2017-02-20,3.101,3.1067,3.0824,3.086,BRL
2017-02-21,3.087,3.1089,3.0853,3.0949,BRL
2017-02-22,3.0955,3.098,3.0597,3.063,BRL
2017-02-23,3.064,3.0797,3.0517,3.059,BRL
2017-02-24,3.0617,3.119,3.0595,3.11,BRL
2017-02-27,3.111,3.111,3.1088,3.1085,BRL
2017-02-28,3.109,3.1091,3.109,3.1086,BRL
2017-03-01,3.1095,3.1234,3.0896,3.089,BRL
2017-03-02,3.09,3.1589,3.09,3.156,BRL
2017-03-03,3.1566,3.1626,3.1109,3.1143,BRL
2017-03-06,3.1158,3.1395,3.1002,3.1383,BRL
2017-03-07,3.1386,3.1405,3.1114,3.1187,BRL
2017-03-08,3.1197,3.1814,3.1194,3.1624,BRL
2017-03-09,3.1631,3.1986,3.1601,3.1929,BRL
2017-03-10,3.1929,3.1954,3.1381,3.138,BRL
2017-03-13,3.1395,3.1607,3.1289,3.1523,BRL
2017-03-14,3.1528,3.1827,3.1502,3.1683,BRL
2017-03-15,3.1683,3.178,3.0974,3.1033,BRL
2017-03-16,3.103,3.1232,3.0924,3.118,BRL
2017-03-17,3.1187,3.1279,3.0873,3.0911,BRL
2017-03-20,3.0918,3.1162,3.0673,3.072,BRL
2017-03-21,3.0724,3.0948,3.0597,3.0878,BRL
2017-03-22,3.0885,3.1099,3.0801,3.087,BRL
2017-03-23,3.0875,3.1449,3.0862,3.1383,BRL
2017-03-24,3.1397,3.1506,3.1041,3.1073,BRL
2017-03-27,3.1078,3.1399,3.1075,3.1256,BRL
2017-03-28,3.1265,3.1452,3.1224,3.1398,BRL
2017-03-29,3.1412,3.1422,3.1121,3.1193,BRL
2017-03-30,3.12,3.1524,3.1167,3.1483,BRL
2017-03-31,3.1491,3.1788,3.1216,3.123,BRL
2017-04-03,3.1233,3.1349,3.1093,3.1138,BRL
2017-04-04,3.1147,3.1407,3.0918,3.0927,BRL
2017-04-05,3.093,3.1254,3.08,3.1192,BRL
2017-04-06,3.1203,3.1515,3.106,3.142,BRL
2017-04-07,3.1427,3.1592,3.1184,3.1457,BRL
2017-04-10,3.1462,3.1502,3.1297,3.1311,BRL
2017-04-11,3.132,3.1554,3.1248,3.136,BRL
2017-04-12,3.1378,3.1594,3.1198,3.1251,BRL
2017-04-13,3.1258,3.1495,3.1144,3.1437,BRL
2017-04-14,3.1441,3.1453,3.1425,3.144,BRL
2017-04-17,3.1448,3.148,3.0932,3.0979,BRL
2017-04-18,3.0983,3.1237,3.0876,3.1072,BRL
2017-04-19,3.1077,3.1543,3.1074,3.1514,BRL
2017-04-20,3.1518,3.1707,3.1324,3.1483,BRL
2017-04-21,3.1485,3.149,3.1479,3.1475,BRL
2017-04-24,3.15,3.15,3.1177,3.1271,BRL
2017-04-25,3.128,3.1703,3.1265,3.1459,BRL
2017-04-26,3.1471,3.2076,3.1429,3.171,BRL
2017-04-27,3.1728,3.189,3.155,3.1832,BRL
2017-04-28,3.1833,3.2146,3.1697,3.1758,BRL
2017-05-01,3.1748,3.1769,3.1762,3.1755,BRL
2017-05-02,3.1765,3.1962,3.1462,3.1514,BRL
2017-05-03,3.1515,3.1679,3.1407,3.1644,BRL
2017-05-04,3.1661,3.1956,3.1609,3.188,BRL
2017-05-05,3.1895,3.1962,3.1675,3.1762,BRL
2017-05-08,3.175,3.207,3.175,3.197,BRL
2017-05-09,3.1994,3.1997,3.1783,3.1896,BRL
2017-05-10,3.1905,3.1909,3.1514,3.1666,BRL
2017-05-11,3.1681,3.1685,3.1369,3.1399,BRL
2017-05-12,3.1374,3.1506,3.1161,3.1209,BRL
2017-05-15,3.1228,3.126,3.0957,3.1105,BRL
2017-05-16,3.111,3.1113,3.0873,3.0961,BRL
2017-05-17,3.0956,3.1411,3.0952,3.1378,BRL
2017-05-18,3.1371,3.4246,3.1349,3.3665,BRL
2017-05-19,3.3708,3.3736,3.2419,3.2527,BRL
2017-05-22,3.2533,3.3192,3.2526,3.2653,BRL
2017-05-23,3.2668,3.2897,3.2548,3.27,BRL
2017-05-24,3.2695,3.288,3.2477,3.2774,BRL
2017-05-25,3.277,3.299,3.2613,3.2729,BRL
2017-05-26,3.2749,3.2767,3.2518,3.2598,BRL
2017-05-29,3.2659,3.2768,3.2564,3.256,BRL
2017-05-30,3.2567,3.2722,3.2542,3.2572,BRL
2017-05-31,3.258,3.26,3.2245,3.2262,BRL
2017-06-01,3.2266,3.2549,3.2146,3.2495,BRL
2017-06-02,3.2506,3.2591,3.2199,3.2472,BRL
2017-06-05,3.2464,3.2977,3.2464,3.2967,BRL
2017-06-06,3.297,3.302,3.2725,3.2772,BRL
2017-06-07,3.2777,3.2866,3.2647,3.2685,BRL
2017-06-08,3.2695,3.2893,3.261,3.2607,BRL
2017-06-09,3.2618,3.2986,3.2553,3.2959,BRL
2017-06-12,3.2971,3.3271,3.2748,3.3179,BRL
2017-06-13,3.3182,3.3338,3.2968,3.3145,BRL
2017-06-14,3.3155,3.3164,3.2639,3.2739,BRL
2017-06-15,3.2736,3.2751,3.2736,3.274,BRL
2017-06-16,3.2898,3.2971,3.2781,3.2925,BRL
2017-06-19,3.2901,3.3148,3.2801,3.2824,BRL
2017-06-20,3.2825,3.3438,3.2825,3.3264,BRL
2017-06-21,3.327,3.3378,3.3143,3.336,BRL
2017-06-22,3.335,3.3498,3.3221,3.3415,BRL
2017-06-23,3.3415,3.3445,3.3261,3.3427,BRL
2017-06-26,3.3444,3.3444,3.2951,3.2961,BRL
2017-06-27,3.2975,3.3343,3.2964,3.3125,BRL
2017-06-28,3.3135,3.3147,3.2784,3.2795,BRL
2017-06-29,3.2808,3.3147,3.2704,3.3033,BRL
2017-06-30,3.3043,3.3166,3.286,3.3063,BRL
2017-07-03,3.319,3.324,3.2931,3.3003,BRL
2017-07-04,3.3021,3.311,3.2985,3.309,BRL
2017-07-05,3.3098,3.331,3.2887,3.2883,BRL
2017-07-06,3.2889,3.3213,3.2883,3.2959,BRL
2017-07-07,3.2987,3.3064,3.2675,3.2803,BRL
2017-07-10,3.28,3.2814,3.2546,3.2548,BRL
2017-07-11,3.2557,3.2697,3.2461,3.2542,BRL
2017-07-12,3.2546,3.2548,3.2049,3.2072,BRL
2017-07-13,3.2086,3.2219,3.2024,3.2134,BRL
2017-07-14,3.2123,3.2123,3.1781,3.1794,BRL
2017-07-17,3.1805,3.188,3.176,3.1828,BRL
2017-07-18,3.1834,3.1842,3.1533,3.1542,BRL
2017-07-19,3.1559,3.1641,3.1445,3.1486,BRL
2017-07-20,3.1492,3.1564,3.1186,3.1206,BRL
2017-07-21,3.1203,3.1457,3.1102,3.1416,BRL
2017-07-24,3.14,3.1529,3.133,3.1455,BRL
2017-07-25,3.1472,3.1737,3.1364,3.1722,BRL
2017-07-26,3.1729,3.1775,3.1352,3.1385,BRL
2017-07-27,3.1384,3.1598,3.1384,3.1524,BRL
2017-07-28,3.153,3.1603,3.1289,3.1316,BRL
2017-07-31,3.133,3.1444,3.1139,3.1259,BRL
2017-08-01,3.127,3.1307,3.1074,3.1254,BRL
2017-08-02,3.1264,3.1383,3.1128,3.1131,BRL
2017-08-03,3.1134,3.1274,3.1101,3.1123,BRL
2017-08-04,3.1125,3.1334,3.1078,3.1305,BRL
2017-08-07,3.1316,3.1348,3.1205,3.1261,BRL
2017-08-08,3.1265,3.1385,3.119,3.1266,BRL
2017-08-09,3.1272,3.159,3.1266,3.1556,BRL
2017-08-10,3.1557,3.1787,3.1469,3.1754,BRL
2017-08-11,3.1755,3.2207,3.1551,3.1934,BRL
2017-08-14,3.1761,3.206,3.1733,3.1885,BRL
2017-08-15,3.1892,3.2062,3.1658,3.1692,BRL
2017-08-16,3.169,3.1782,3.1453,3.1518,BRL
2017-08-17,3.1527,3.1819,3.1521,3.1741,BRL
2017-08-18,3.1749,3.1763,3.1405,3.1462,BRL
2017-08-21,3.1493,3.1726,3.1364,3.1642,BRL
2017-08-22,3.1643,3.1908,3.1461,3.1602,BRL
2017-08-23,3.1612,3.1705,3.1337,3.1405,BRL
2017-08-24,3.1412,3.1506,3.1328,3.1473,BRL
2017-08-25,3.1481,3.1629,3.1353,3.1595,BRL
2017-08-28,3.1587,3.1675,3.1482,3.1664,BRL
2017-08-29,3.1673,3.1767,3.1581,3.1644,BRL
2017-08-30,3.1652,3.1764,3.1556,3.1596,BRL
2017-08-31,3.1601,3.1702,3.1372,3.1474,BRL
2017-09-01,3.1472,3.1486,3.1224,3.1409,BRL
2017-09-04,3.141,3.1452,3.1327,3.1412,BRL
2017-09-05,3.141,3.1418,3.1116,3.1163,BRL
2017-09-06,3.1169,3.121,3.0984,3.0996,BRL
2017-09-07,3.0998,3.0998,3.0988,3.0985,BRL
2017-09-08,3.0855,3.0998,3.082,3.0865,BRL
2017-09-11,3.0905,3.1082,3.079,3.1023,BRL
2017-09-12,3.1028,3.1385,3.1026,3.1245,BRL
2017-09-13,3.1252,3.1446,3.1224,3.1349,BRL
2017-09-14,3.135,3.1504,3.1122,3.1179,BRL
2017-09-15,3.1195,3.1325,3.1083,3.1079,BRL
2017-09-18,3.1108,3.1384,3.108,3.136,BRL
2017-09-19,3.1361,3.1403,3.1248,3.1346,BRL
2017-09-20,3.1355,3.1396,3.1136,3.132,BRL
2017-09-21,3.1327,3.147,3.1253,3.1369,BRL
2017-09-22,3.1377,3.139,3.122,3.1243,BRL
2017-09-25,3.1324,3.1618,3.126,3.1593,BRL
2017-09-26,3.1591,3.1752,3.1524,3.1661,BRL
2017-09-27,3.167,3.1986,3.1665,3.1929,BRL
2017-09-28,3.1933,3.2004,3.1772,3.1822,BRL
2017-09-29,3.1823,3.1907,3.1562,3.1614,BRL
2017-10-02,3.1641,3.1787,3.1512,3.1538,BRL
2017-10-03,3.1546,3.1657,3.1412,3.1425,BRL
2017-10-04,3.1456,3.1456,3.122,3.1349,BRL
2017-10-05,3.1316,3.1563,3.1241,3.1539,BRL
2017-10-06,3.1547,3.1784,3.1496,3.1558,BRL
2017-10-09,3.1558,3.1898,3.1553,3.1882,BRL
2017-10-10,3.1887,3.1891,3.1618,3.1791,BRL
2017-10-11,3.1797,3.1799,3.16,3.1722,BRL
2017-10-12,3.1717,3.1726,3.1702,3.1695,BRL
2017-10-13,3.1725,3.1802,3.1439,3.1447,BRL
2017-10-16,3.145,3.1738,3.1437,3.1707,BRL
2017-10-17,3.1712,3.1838,3.1579,3.1575,BRL
2017-10-18,3.1578,3.1817,3.1556,3.1706,BRL
2017-10-19,3.1715,3.1793,3.1624,3.1663,BRL
2017-10-20,3.1671,3.198,3.1665,3.1923,BRL
2017-10-23,3.1929,3.239,3.1895,3.2376,BRL
2017-10-24,3.2388,3.268,3.224,3.2432,BRL
2017-10-25,3.244,3.2601,3.2286,3.2329,BRL
2017-10-26,3.233,3.2979,3.2287,3.2903,BRL
2017-10-27,3.29,3.3031,3.2344,3.236,BRL
2017-10-30,3.2367,3.2893,3.2347,3.2888,BRL
2017-10-31,3.2888,3.3019,3.2644,3.2724,BRL
2017-11-01,3.2728,3.2928,3.2567,3.2673,BRL
2017-11-02,3.2674,3.2682,3.2672,3.267,BRL
2017-11-03,3.2668,3.3355,3.2485,3.3142,BRL
2017-11-06,3.3144,3.3144,3.2478,3.2494,BRL
2017-11-07,3.2495,3.2888,3.2495,3.2713,BRL
2017-11-08,3.2723,3.2723,3.2403,3.2547,BRL
2017-11-09,3.2548,3.2671,3.2363,3.252,BRL
2017-11-10,3.2529,3.2845,3.2507,3.2778,BRL
2017-11-13,3.2823,3.301,3.2762,3.2793,BRL
2017-11-14,3.2803,3.318,3.2666,3.3127,BRL
2017-11-15,3.3133,3.3133,3.3133,3.3132,BRL
2017-11-16,3.3132,3.3133,3.2683,3.2739,BRL
2017-11-17,3.2726,3.2888,3.2548,3.2573,BRL
2017-11-20,3.2574,3.2574,3.2573,3.2572,BRL
2017-11-21,3.2593,3.2665,3.2392,3.2587,BRL
2017-11-22,3.2569,3.2653,3.2215,3.2242,BRL
2017-11-23,3.2243,3.2432,3.2188,3.2218,BRL
2017-11-24,3.2218,3.2365,3.2215,3.2329,BRL
2017-11-27,3.233,3.2338,3.2135,3.2277,BRL
2017-11-28,3.2325,3.2327,3.2019,3.2127,BRL
2017-11-29,3.2132,3.2476,3.2005,3.246,BRL
2017-11-30,3.2465,3.2887,3.2357,3.2726,BRL
2017-12-01,3.2727,3.2853,3.2482,3.258,BRL
2017-12-04,3.2581,3.2628,3.2422,3.2441,BRL
2017-12-05,3.2459,3.247,3.2199,3.2414,BRL
2017-12-06,3.2415,3.2499,3.225,3.2356,BRL
2017-12-07,3.248,3.3188,3.2472,3.2906,BRL
2017-12-08,3.2771,3.3112,3.2653,3.2918,BRL
2017-12-11,3.2912,3.3063,3.2729,3.3047,BRL
2017-12-12,3.3055,3.334,3.2973,3.3064,BRL
2017-12-13,3.307,3.3325,3.288,3.3099,BRL
2017-12-14,3.3239,3.3483,3.3104,3.3418,BRL
2017-12-15,3.3343,3.3379,3.2945,3.2946,BRL
2017-12-18,3.2949,3.3015,3.2784,3.2922,BRL
2017-12-19,3.2923,3.3084,3.2821,3.2899,BRL
2017-12-20,3.291,3.3011,3.2812,3.2977,BRL
2017-12-21,3.2978,3.3177,3.2908,3.3083,BRL
2017-12-22,3.3101,3.3404,3.3037,3.3369,BRL
2017-12-25,3.3369,3.3369,3.3369,3.3369,BRL
2017-12-26,3.3376,3.3376,3.3067,3.311,BRL
2017-12-27,3.3106,3.3223,3.292,3.3149,BRL
2017-12-28,3.315,3.3178,3.295,3.3121,BRL
2017-12-29,3.3121,3.3121,3.3121,3.3121,BRL
2018-01-01,3.3121,3.3121,3.3121,3.3121,BRL
2018-01-02,3.3136,3.3136,3.2571,3.2588,BRL
2018-01-03,3.259,3.2682,3.2322,3.2369,BRL
2018-01-04,3.2372,3.2431,3.2218,3.2344,BRL
2018-01-05,3.2347,3.2497,3.2263,3.2288,BRL
2018-01-08,3.2291,3.2453,3.2237,3.2406,BRL
2018-01-09,3.2413,3.2558,3.2295,3.2482,BRL
2018-01-10,3.2518,3.256,3.2255,3.228,BRL
2018-01-11,3.2283,3.2406,3.212,3.2154,BRL
2018-01-12,3.2161,3.231,3.1994,3.2063,BRL
2018-01-15,3.2061,3.2213,3.1918,3.2162,BRL
2018-01-16,3.2168,3.2381,3.2118,3.2242,BRL
2018-01-17,3.2266,3.239,3.2117,3.2237,BRL
2018-01-18,3.224,3.2251,3.2015,3.2064,BRL
2018-01-19,3.2082,3.2154,3.194,3.1961,BRL
2018-01-22,3.1967,3.2115,3.182,3.202,BRL
2018-01-23,3.2038,3.2446,3.2019,3.2369,BRL
2018-01-24,3.2375,3.24,3.1348,3.1464,BRL
2018-01-25,3.1459,3.1485,3.1459,3.147,BRL
2018-01-26,3.1481,3.1565,3.1197,3.1509,BRL
2018-01-29,3.1534,3.1723,3.1534,3.1549,BRL
2018-01-30,3.155,3.1954,3.1482,3.1811,BRL
2018-01-31,3.1839,3.1955,3.1459,3.1858,BRL
2018-02-01,3.1853,3.1969,3.1617,3.1668,BRL
2018-02-02,3.1671,3.2237,3.1671,3.218,BRL
2018-02-05,3.2185,3.2659,3.2137,3.2624,BRL
2018-02-06,3.2628,3.2787,3.2323,3.2347,BRL
2018-02-07,3.248,3.2839,3.2376,3.2713,BRL
2018-02-08,3.2714,3.3034,3.2561,3.2857,BRL
2018-02-09,3.2858,3.3189,3.2673,3.2939,BRL
2018-02-12,3.2957,3.2957,3.2954,3.2949,BRL
2018-02-13,3.2957,3.2957,3.2957,3.2947,BRL
2018-02-14,3.2928,3.2974,3.216,3.2172,BRL
2018-02-15,3.2195,3.2413,3.1982,3.2274,BRL
2018-02-16,3.2322,3.2481,3.2023,3.231,BRL
2018-02-19,3.2315,3.2383,3.2218,3.2339,BRL
2018-02-20,3.2339,3.2615,3.2339,3.2554,BRL
2018-02-21,3.2565,3.2727,3.2419,3.2682,BRL
2018-02-22,3.2692,3.2737,3.2419,3.2497,BRL
2018-02-23,3.2502,3.2512,3.2322,3.2374,BRL
2018-02-26,3.2379,3.2427,3.2222,3.2253,BRL
2018-02-27,3.224,3.2556,3.2219,3.2512,BRL
2018-02-28,3.2516,3.2537,3.235,3.2458,BRL
2018-03-01,3.2462,3.2717,3.2383,3.2511,BRL
2018-03-02,3.2515,3.2672,3.248,3.2523,BRL
2018-03-05,3.2528,3.264,3.2415,3.2425,BRL
2018-03-06,3.243,3.2435,3.2057,3.2112,BRL
2018-03-07,3.2117,3.2488,3.2095,3.2449,BRL
2018-03-08,3.2444,3.2699,3.2392,3.2664,BRL
2018-03-09,3.2669,3.271,3.239,3.2548,BRL
2018-03-12,3.2553,3.2679,3.2499,3.261,BRL
2018-03-13,3.2619,3.2657,3.2374,3.2602,BRL
2018-03-14,3.261,3.2676,3.2462,3.2598,BRL
2018-03-15,3.2618,3.2977,3.2602,3.2849,BRL
2018-03-16,3.2863,3.2997,3.272,3.2807,BRL
2018-03-19,3.2786,3.2965,3.2786,3.2853,BRL
2018-03-20,3.2857,3.3123,3.2793,3.3114,BRL
2018-03-21,3.312,3.3125,3.2638,3.2717,BRL
2018-03-22,3.2728,3.3176,3.2713,3.3152,BRL
2018-03-23,3.3155,3.3194,3.2935,3.3119,BRL
2018-03-26,3.3141,3.3149,3.2926,3.3113,BRL
2018-03-27,3.3119,3.3367,3.3092,3.3278,BRL
2018-03-28,3.3288,3.3467,3.3191,3.3195,BRL
2018-03-29,3.3218,3.3294,3.2926,3.3054,BRL
2018-03-30,3.3043,3.3051,3.3041,3.3046,BRL
2018-04-02,3.3045,3.3247,3.297,3.3099,BRL
2018-04-03,3.3109,3.3447,3.3034,3.3412,BRL
2018-04-04,3.341,3.3685,3.3268,3.329,BRL
2018-04-05,3.3309,3.3497,3.2954,3.3439,BRL
2018-04-06,3.3445,3.3808,3.3417,3.3689,BRL
2018-04-09,3.369,3.4239,3.3632,3.4187,BRL
2018-04-10,3.4218,3.4362,3.4005,3.4087,BRL
2018-04-11,3.4058,3.424,3.372,3.3734,BRL
2018-04-12,3.3747,3.4201,3.3647,3.4124,BRL
2018-04-13,3.4125,3.4309,3.3965,3.422,BRL
2018-04-16,3.4255,3.4362,3.4057,3.4191,BRL
2018-04-17,3.4217,3.4218,3.3882,3.4071,BRL
2018-04-18,3.408,3.4098,3.3732,3.3802,BRL
2018-04-19,3.3805,3.4102,3.3795,3.3875,BRL
2018-04-20,3.3845,3.4185,3.3839,3.4124,BRL
2018-04-23,3.4137,3.4539,3.4137,3.4521,BRL
2018-04-24,3.4528,3.4814,3.4356,3.4709,BRL
2018-04-25,3.4738,3.5159,3.471,3.4843,BRL
2018-04-26,3.485,3.5084,3.4741,3.4745,BRL
2018-04-27,3.4756,3.4813,3.4529,3.4559,BRL
2018-04-30,3.4574,3.5092,3.4574,3.5066,BRL
2018-05-01,3.5075,3.5077,3.5072,3.5071,BRL
2018-05-02,3.5074,3.5549,3.5074,3.5513,BRL
2018-05-03,3.5507,3.5676,3.5204,3.5276,BRL
2018-05-04,3.5271,3.5489,3.5134,3.5291,BRL
2018-05-07,3.5307,3.5593,3.5307,3.5524,BRL
2018-05-08,3.5515,3.5943,3.5507,3.5632,BRL
2018-05-09,3.5636,3.6103,3.5589,3.5918,BRL
2018-05-10,3.5943,3.595,3.5424,3.5496,BRL
2018-05-11,3.55,3.6127,3.5434,3.5991,BRL
2018-05-14,3.5992,3.6409,3.5726,3.6221,BRL
2018-05-15,3.6237,3.6938,3.622,3.653,BRL
2018-05-16,3.6537,3.6957,3.6527,3.6754,BRL
2018-05-17,3.6745,3.7135,3.6438,3.696,BRL
2018-05-18,3.6969,3.7769,3.6938,3.736,BRL
2018-05-21,3.7383,3.7389,3.671,3.6769,BRL
2018-05-22,3.677,3.6783,3.6263,3.6441,BRL
2018-05-23,3.6448,3.6794,3.616,3.6279,BRL
2018-05-24,3.6274,3.6565,3.6273,3.6491,BRL
2018-05-25,3.6463,3.6787,3.6419,3.6514,BRL
2018-05-28,3.6512,3.7458,3.651,3.7341,BRL
2018-05-29,3.7355,3.7706,3.712,3.7252,BRL
2018-05-30,3.7256,3.7681,3.6803,3.724,BRL
2018-05-31,3.7242,3.7263,3.7233,3.7225,BRL
2018-06-01,3.7248,3.7707,3.7208,3.763,BRL
2018-06-04,3.7662,3.767,3.726,3.7462,BRL
2018-06-05,3.7452,3.8175,3.7449,3.806,BRL
2018-06-06,3.8084,3.8549,3.8039,3.8477,BRL
2018-06-07,3.8488,3.9679,3.8455,3.9065,BRL
2018-06-08,3.9031,3.907,3.693,3.7091,BRL
2018-06-11,3.7092,3.7303,3.671,3.7087,BRL
2018-06-12,3.707,3.7296,3.6677,3.7174,BRL
2018-06-13,3.7185,3.7386,3.6846,3.7195,BRL
2018-06-14,3.7206,3.8158,3.6861,3.8052,BRL
2018-06-15,3.8061,3.8063,3.7152,3.7294,BRL
2018-06-18,3.7301,3.7658,3.7275,3.746,BRL
2018-06-19,3.747,3.7856,3.7173,3.7461,BRL
2018-06-20,3.7453,3.7873,3.706,3.7712,BRL
2018-06-21,3.7691,3.8042,3.7527,3.7676,BRL
2018-06-22,3.7693,3.7892,3.735,3.7852,BRL
2018-06-25,3.7877,3.7878,3.761,3.7753,BRL
2018-06-26,3.7745,3.8032,3.7615,3.8011,BRL
2018-06-27,3.7993,3.8775,3.7909,3.8625,BRL
2018-06-28,3.8612,3.8778,3.8343,3.8612,BRL
2018-06-29,3.8581,3.8803,3.8288,3.8765,BRL
2018-07-02,3.8781,3.9203,3.875,3.9117,BRL
2018-07-03,3.9127,3.9145,3.8729,3.8966,BRL
2018-07-04,3.8947,3.92,3.8858,3.9135,BRL
2018-07-05,3.9135,3.9421,3.8859,3.9324,BRL
2018-07-06,3.9326,3.9533,3.8593,3.8624,BRL
2018-07-09,3.865,3.8728,3.8641,3.8714,BRL
2018-07-10,3.8836,3.887,3.7935,3.8143,BRL
2018-07-11,3.8167,3.8856,3.8134,3.8764,BRL
2018-07-12,3.8746,3.9028,3.8368,3.8809,BRL
2018-07-13,3.8826,3.9009,3.8445,3.8514,BRL
2018-07-16,3.8508,3.8739,3.8336,3.8597,BRL
2018-07-17,3.863,3.8797,3.8379,3.8375,BRL
2018-07-18,3.8385,3.8651,3.8192,3.8509,BRL
2018-07-19,3.8493,3.8927,3.8225,3.829,BRL
2018-07-20,3.8313,3.8313,3.7581,3.7671,BRL
2018-07-23,3.7659,3.8035,3.7659,3.7823,BRL
2018-07-24,3.7828,3.7869,3.7316,3.7471,BRL
2018-07-25,3.748,3.7482,3.6887,3.6877,BRL
2018-07-26,3.6883,3.7483,3.688,3.7454,BRL
2018-07-27,3.7457,3.7468,3.7058,3.7099,BRL
2018-07-30,3.7147,3.7327,3.696,3.7304,BRL
2018-07-31,3.7297,3.7645,3.7222,3.7557,BRL
2018-08-01,3.7566,3.7702,3.7311,3.7492,BRL
2018-08-02,3.7524,3.7822,3.7488,3.7496,BRL
2018-08-03,3.7513,3.753,3.6996,3.707,BRL
2018-08-06,3.7053,3.737,3.6902,3.7356,BRL
2018-08-07,3.737,3.7719,3.7028,3.7505,BRL
2018-08-08,3.7523,3.7733,3.7353,3.7713,BRL
2018-08-09,3.772,3.8217,3.7714,3.8007,BRL
2018-08-10,3.8016,3.8744,3.8005,3.8584,BRL
2018-08-13,3.8582,3.9294,3.8582,3.8836,BRL
2018-08-14,3.8842,3.9036,3.8586,3.8663,BRL
2018-08-15,3.8672,3.928,3.8661,3.9053,BRL
2018-08-16,3.9048,3.9296,3.8667,3.9059,BRL
2018-08-17,3.9072,3.9532,3.9041,3.9108,BRL
2018-08-20,3.9132,3.9716,3.9132,3.9692,BRL
2018-08-21,3.9697,4.0526,3.9553,4.0467,BRL
2018-08-22,4.0503,4.0912,4.0307,4.0415,BRL
2018-08-23,4.0413,4.1281,4.04,4.1145,BRL
2018-08-24,4.114,4.1326,4.0718,4.1012,BRL
2018-08-27,4.1066,4.1149,4.0473,4.0772,BRL
2018-08-28,4.08,4.1475,4.0618,4.1337,BRL
2018-08-29,4.1391,4.1645,4.101,4.1065,BRL
2018-08-30,4.1065,4.2151,4.1035,4.1493,BRL
2018-08-31,4.149,4.1773,4.0527,4.0545,BRL
2018-09-03,4.0921,4.1602,4.0911,4.1579,BRL
2018-09-04,4.1575,4.1916,4.1378,4.16,BRL
2018-09-05,4.1572,4.1862,4.1115,4.1457,BRL
2018-09-06,4.1448,4.1665,4.0362,4.0587,BRL
2018-09-07,4.0594,4.0594,4.0594,4.0594,BRL
2018-09-10,4.0679,4.1276,4.0516,4.0855,BRL
2018-09-11,4.0863,4.1798,4.0862,4.1527,BRL
2018-09-12,4.1526,4.1675,4.1102,4.1569,BRL
2018-09-13,4.1617,4.2096,4.1237,4.2067,BRL
2018-09-14,4.2069,4.211,4.1582,4.1739,BRL
2018-09-17,4.1737,4.2041,4.1154,4.1316,BRL
2018-09-18,4.1343,4.1648,4.1172,4.1596,BRL
2018-09-19,4.1626,4.1763,4.0971,4.1305,BRL
2018-09-20,4.1272,4.1316,4.0669,4.0766,BRL
2018-09-21,4.0772,4.0955,4.0276,4.0511,BRL
2018-09-24,4.0652,4.0968,4.0355,4.0914,BRL
2018-09-25,4.0899,4.1421,4.068,4.0751,BRL
2018-09-26,4.0781,4.0941,4.009,4.031,BRL
2018-09-27,4.0345,4.0556,3.9669,4.012,BRL
2018-09-28,4.0136,4.0573,3.989,4.0477,BRL
2018-10-01,4.0496,4.0637,4.0038,4.0176,BRL
2018-10-02,4.018,4.0183,3.9053,3.9404,BRL
2018-10-03,3.9411,3.9414,3.8221,3.9008,BRL
2018-10-04,3.9018,3.936,3.8734,3.8743,BRL
2018-10-05,3.8743,3.8953,3.8375,3.8406,BRL
2018-10-08,3.7284,3.7831,3.7096,3.7786,BRL
2018-10-09,3.7826,3.7915,3.701,3.7153,BRL
2018-10-10,3.7156,3.7684,3.711,3.7545,BRL
2018-10-11,3.757,3.7863,3.7166,3.781,BRL
2018-10-12,3.7835,3.7835,3.7826,3.7825,BRL
2018-10-15,3.7569,3.7649,3.7128,3.7355,BRL
2018-10-16,3.735,3.736,3.6913,3.7244,BRL
2018-10-17,3.7252,3.7462,3.6644,3.6873,BRL
2018-10-18,3.6875,3.7318,3.6729,3.7214,BRL
2018-10-19,3.722,3.7268,3.6872,3.714,BRL
2018-10-22,3.6946,3.7209,3.6693,3.6846,BRL
2018-10-23,3.6875,3.7233,3.6854,3.6932,BRL
2018-10-24,3.6948,3.7469,3.682,3.7335,BRL
2018-10-25,3.7351,3.7351,3.6812,3.7046,BRL
2018-10-26,3.7062,3.7305,3.6397,3.6426,BRL
2018-10-29,3.643,3.7224,3.5817,3.7179,BRL
2018-10-30,3.7175,3.7362,3.6774,3.6972,BRL
2018-10-31,3.6976,3.7451,3.686,3.7218,BRL
2018-11-01,3.7222,3.723,3.6792,3.7,BRL
2018-11-02,3.7044,3.7044,3.6965,3.6965,BRL
2018-11-05,3.6967,3.7331,3.6913,3.726,BRL
2018-11-06,3.727,3.7707,3.7237,3.7614,BRL
2018-11-07,3.7618,3.788,3.7223,3.7317,BRL
2018-11-08,3.7297,3.7647,3.7162,3.7604,BRL
2018-11-09,3.761,3.7755,3.7257,3.7334,BRL
2018-11-12,3.7498,3.7701,3.7364,3.7674,BRL
2018-11-13,3.7573,3.8318,3.7535,3.8031,BRL
2018-11-14,3.8032,3.8198,3.7666,3.784,BRL
2018-11-15,3.7843,3.7843,3.7843,3.784,BRL
2018-11-16,3.7732,3.7832,3.7301,3.7434,BRL
2018-11-19,3.7473,3.7734,3.742,3.756,BRL
2018-11-20,3.7559,3.7579,3.7559,3.7567,BRL
2018-11-21,3.756,3.804,3.756,3.7975,BRL
2018-11-22,3.7897,3.8264,3.7896,3.8033,BRL
2018-11-23,3.8045,3.8309,3.7952,3.828,BRL
2018-11-26,3.8187,3.9448,3.8171,3.9398,BRL
2018-11-27,3.9232,3.9249,3.8623,3.875,BRL
2018-11-28,3.8801,3.8883,3.8317,3.8508,BRL
2018-11-29,3.8506,3.8742,3.8325,3.8515,BRL
2018-11-30,3.849,3.8888,3.8379,3.8662,BRL
2018-12-03,3.8669,3.8669,3.8149,3.8408,BRL
2018-12-04,3.8293,3.868,3.8179,3.8524,BRL
2018-12-05,3.8527,3.8838,3.8346,3.8682,BRL
2018-12-06,3.8897,3.9436,3.8727,3.8779,BRL
2018-12-07,3.8817,3.9246,3.8576,3.9074,BRL
2018-12-10,3.9075,3.946,3.8914,3.9178,BRL
2018-12-11,3.9202,3.9232,3.8884,3.9039,BRL
2018-12-12,3.8948,3.9004,3.8364,3.8554,BRL
2018-12-13,3.8551,3.8977,3.8512,3.891,BRL
2018-12-14,3.9122,3.9219,3.8879,3.917,BRL
2018-12-17,3.9175,3.9294,3.8774,3.8994,BRL
2018-12-18,3.8979,3.9179,3.8841,3.9123,BRL
2018-12-19,3.902,3.914,3.8639,3.8976,BRL
2018-12-20,3.897,3.897,3.8331,3.8419,BRL
2018-12-21,3.8408,3.9078,3.8395,3.9039,BRL
2018-12-24,3.904,3.904,3.904,3.9035,BRL
2018-12-25,3.9035,3.9035,3.9035,3.9035,BRL
2018-12-26,3.904,3.9416,3.8923,3.9219,BRL
2018-12-27,3.92,3.9461,3.8688,3.8732,BRL
2018-12-28,3.8775,3.8956,3.8298,3.8804,BRL
2018-12-31,3.8804,3.8804,3.8804,3.8804,BRL
2019-01-01,3.8804,3.8804,3.8804,3.8804,BRL
2019-01-02,3.8793,3.8976,3.7833,3.7897,BRL
2019-01-03,3.7965,3.8081,3.738,3.7564,BRL
2019-01-04,3.7593,3.7857,3.7093,3.7154,BRL
2019-01-07,3.7144,3.7387,3.69,3.7351,BRL
2019-01-08,3.7373,3.7423,3.7039,3.7132,BRL
2019-01-09,3.7138,3.7159,3.675,3.6806,BRL
2019-01-10,3.6807,3.7254,3.6751,3.7104,BRL
2019-01-11,3.6948,3.7303,3.6912,3.7108,BRL
2019-01-14,3.7113,3.7352,3.684,3.6978,BRL
2019-01-15,3.7032,3.7328,3.6944,3.7167,BRL
2019-01-16,3.7156,3.7384,3.7087,3.7361,BRL
2019-01-17,3.7339,3.7746,3.7267,3.7502,BRL
2019-01-18,3.7475,3.7738,3.7278,3.7502,BRL
2019-01-21,3.7604,3.7804,3.7534,3.7535,BRL
2019-01-22,3.755,3.8171,3.7454,3.8142,BRL
2019-01-23,3.7938,3.8124,3.7554,3.7648,BRL
2019-01-24,3.7746,3.7946,3.7375,3.7718,BRL
2019-01-25,3.7705,3.771,3.7703,3.7695,BRL
2019-01-28,3.7785,3.7879,3.7505,3.7614,BRL
2019-01-29,3.7617,3.7655,3.7155,3.7201,BRL
2019-01-30,3.7205,3.7327,3.6744,3.6849,BRL
2019-01-31,3.6865,3.6865,3.6364,3.6439,BRL
2019-02-01,3.6455,3.6828,3.6385,3.6596,BRL
2019-02-04,3.6597,3.6884,3.6595,3.6686,BRL
2019-02-05,3.6643,3.6851,3.6612,3.6695,BRL
2019-02-06,3.6699,3.7166,3.6673,3.6982,BRL
2019-02-07,3.6999,3.7379,3.6994,3.7166,BRL
2019-02-08,3.7196,3.7483,3.7028,3.729,BRL
2019-02-11,3.7322,3.7751,3.7279,3.7576,BRL
2019-02-12,3.7442,3.7476,3.7026,3.7097,BRL
2019-02-13,3.7106,3.7627,3.7106,3.7543,BRL
2019-02-14,3.7524,3.7956,3.7144,3.7232,BRL
2019-02-15,3.7205,3.7268,3.6991,3.7007,BRL
2019-02-18,3.702,3.7429,3.702,3.7351,BRL
2019-02-19,3.7332,3.7452,3.7034,3.7227,BRL
2019-02-20,3.724,3.7374,3.6905,3.7273,BRL
2019-02-21,3.7254,3.7724,3.7155,3.7693,BRL
2019-02-22,3.7682,3.7682,3.7264,3.7482,BRL
2019-02-25,3.7477,3.7523,3.7194,3.7519,BRL
2019-02-26,3.7517,3.7669,3.7383,3.7487,BRL
2019-02-27,3.7446,3.7484,3.7221,3.7285,BRL
2019-02-28,3.7265,3.7597,3.7173,3.7511,BRL
2019-03-01,3.751,3.7965,3.746,3.7749,BRL
2019-03-04,3.7748,3.7755,3.7748,3.775,BRL
2019-03-05,3.7755,3.7755,3.7755,3.775,BRL
2019-03-06,3.777,3.8454,3.7748,3.8397,BRL
2019-03-07,3.8403,3.9033,3.8163,3.8701,BRL
2019-03-08,3.8707,3.9037,3.8497,3.8666,BRL
2019-03-11,3.8667,3.8675,3.8338,3.8392,BRL
2019-03-12,3.8406,3.845,3.8017,3.8111,BRL
2019-03-13,3.8112,3.8355,3.7996,3.8142,BRL
2019-03-14,3.8147,3.855,3.8133,3.843,BRL
2019-03-15,3.8444,3.8719,3.8075,3.8131,BRL
2019-03-18,3.8173,3.828,3.7836,3.7913,BRL
2019-03-19,3.7917,3.8003,3.7647,3.7885,BRL
2019-03-20,3.7917,3.7993,3.7381,3.7756,BRL
2019-03-21,3.7755,3.8382,3.7635,3.7921,BRL
2019-03-22,3.7926,3.9168,3.7926,3.9066,BRL
2019-03-25,3.9041,3.9369,3.8435,3.8535,BRL
2019-03-26,3.8528,3.8797,3.8336,3.8769,BRL
2019-03-27,3.8747,4.0021,3.8725,3.9933,BRL
2019-03-28,3.9924,4.016,3.8982,3.9005,BRL
2019-03-29,3.901,3.9342,3.8678,3.9238,BRL
2019-04-01,3.8897,3.893,3.8488,3.8508,BRL
2019-04-02,3.8514,3.8793,3.8479,3.8525,BRL
2019-04-03,3.8537,3.8824,3.8329,3.8694,BRL
2019-04-04,3.871,3.8882,3.8475,3.8587,BRL
2019-04-05,3.8589,3.8768,3.842,3.873,BRL
2019-04-08,3.8728,3.8772,3.8417,3.849,BRL
2019-04-09,3.8495,3.8646,3.8459,3.8502,BRL
2019-04-10,3.851,3.8549,3.8147,3.8247,BRL
2019-04-11,3.8253,3.8633,3.8253,3.857,BRL
2019-04-12,3.8585,3.9081,3.857,3.8812,BRL
2019-04-15,3.8819,3.891,3.8591,3.872,BRL
2019-04-16,3.8724,3.9083,3.8681,3.9031,BRL
2019-04-17,3.9051,3.9476,3.8856,3.9373,BRL
2019-04-18,3.94,3.9518,3.9039,3.9261,BRL
2019-04-19,3.9273,3.9275,3.9273,3.926,BRL
2019-04-22,3.927,3.9394,3.913,3.9358,BRL
2019-04-23,3.936,3.9642,3.9121,3.9197,BRL
2019-04-24,3.9214,3.9944,3.9187,3.9922,BRL
2019-04-25,3.991,4.0065,3.9462,3.953,BRL
2019-04-26,3.9502,3.9759,3.9197,3.9288,BRL
2019-04-29,3.93,3.9461,3.9207,3.9442,BRL
2019-04-30,3.9456,3.9573,3.9129,3.9207,BRL
2019-05-01,3.9196,3.922,3.9176,3.9195,BRL
2019-05-02,3.92,3.9721,3.9175,3.9654,BRL
2019-05-03,3.9668,3.9683,3.9307,3.9378,BRL
2019-05-06,3.9384,3.9747,3.9378,3.9683,BRL
2019-05-07,3.9705,4.0003,3.964,3.97,BRL
2019-05-08,3.9705,3.9783,3.9252,3.9279,BRL
2019-05-09,3.9276,3.9815,3.9276,3.9456,BRL
2019-05-10,3.9467,3.9738,3.9363,3.9566,BRL
2019-05-13,3.9771,4.005,3.9727,3.9925,BRL
2019-05-14,3.9935,3.9953,3.9661,3.9745,BRL
2019-05-15,3.9764,4.0219,3.9736,4.0012,BRL
2019-05-16,4.0014,4.0547,3.9938,4.0467,BRL
2019-05-17,4.048,4.1134,4.0474,4.0997,BRL
2019-05-20,4.1014,4.1221,4.0777,4.0963,BRL
2019-05-21,4.0968,4.1138,4.0331,4.0387,BRL
2019-05-22,4.0394,4.0531,4.0068,4.04,BRL
2019-05-23,4.0402,4.0716,4.0253,4.0394,BRL
2019-05-24,4.0416,4.048,4.0086,4.0213,BRL
2019-05-27,4.0131,4.0432,4.004,4.041,BRL
2019-05-28,4.043,4.0541,4.0101,4.0243,BRL
2019-05-29,4.0248,4.0409,3.9679,3.9742,BRL
2019-05-30,3.9744,3.9937,3.9544,3.9816,BRL
2019-05-31,3.98,3.9986,3.9086,3.9218,BRL
2019-06-03,3.9233,3.9345,3.8822,3.8851,BRL
2019-06-04,3.8864,3.8899,3.8482,3.8542,BRL
2019-06-05,3.8576,3.9039,3.8365,3.8808,BRL
2019-06-06,3.8812,3.8882,3.8567,3.8795,BRL
2019-06-07,3.8794,3.8858,3.8496,3.8774,BRL
2019-06-10,3.876,3.8996,3.8668,3.8874,BRL
2019-06-11,3.887,3.887,3.8423,3.8569,BRL
2019-06-12,3.8574,3.8723,3.8296,3.8669,BRL
2019-06-13,3.8672,3.8675,3.8345,3.8485,BRL
2019-06-14,3.8491,3.9139,3.848,3.8956,BRL
2019-06-17,3.8976,3.9249,3.8797,3.8881,BRL
2019-06-18,3.8894,3.8894,3.8487,3.8595,BRL
2019-06-19,3.8606,3.8844,3.8383,3.8388,BRL
2019-06-20,3.8386,3.8395,3.8386,3.8386,BRL
2019-06-21,3.8318,3.8463,3.8127,3.819,BRL
2019-06-24,3.822,3.8381,3.8067,3.8248,BRL
2019-06-25,3.8272,3.8597,3.8182,3.8478,BRL
2019-06-26,3.8469,3.8586,3.8305,3.8433,BRL
2019-06-27,3.8462,3.8733,3.8172,3.8194,BRL
2019-06-28,3.8193,3.852,3.8136,3.8518,BRL
2019-07-01,3.8374,3.8492,3.8089,3.8401,BRL
2019-07-02,3.8408,3.8812,3.818,3.8447,BRL
2019-07-03,3.8457,3.8752,3.815,3.8258,BRL
2019-07-04,3.8266,3.8301,3.7834,3.8008,BRL
2019-07-05,3.8022,3.8387,3.7978,3.8215,BRL
2019-07-08,3.816,3.8176,3.7988,3.8063,BRL
2019-07-09,3.8074,3.8074,3.8005,3.8,BRL
2019-07-10,3.7888,3.7943,3.7504,3.7543,BRL
2019-07-11,3.7539,3.7672,3.7345,3.754,BRL
2019-07-12,3.7563,3.7636,3.7296,3.7358,BRL
2019-07-15,3.7365,3.7583,3.7278,3.7555,BRL
2019-07-16,3.7552,3.7717,3.7518,3.768,BRL
2019-07-17,3.7685,3.7687,3.754,3.7632,BRL
2019-07-18,3.7642,3.7642,3.7178,3.7187,BRL
2019-07-19,3.7189,3.7544,3.7188,3.7481,BRL
2019-07-22,3.7463,3.7483,3.7292,3.7403,BRL
2019-07-23,3.7407,3.7801,3.7405,3.7735,BRL
2019-07-24,3.7742,3.7791,3.7519,3.7726,BRL
2019-07-25,3.774,3.8069,3.755,3.7783,BRL
2019-07-26,3.7791,3.7945,3.7591,3.7753,BRL
2019-07-29,3.7748,3.8012,3.7748,3.7813,BRL
2019-07-30,3.7818,3.7998,3.7752,3.7896,BRL
2019-07-31,3.7896,3.8238,3.7479,3.8125,BRL
2019-08-01,3.8154,3.8612,3.8107,3.8388,BRL
2019-08-02,3.8403,3.8935,3.8388,3.8883,BRL
2019-08-05,3.8864,3.9789,3.8864,3.9778,BRL
2019-08-06,3.976,3.9864,3.9358,3.9603,BRL
2019-08-07,3.9615,3.9929,3.945,3.9682,BRL
2019-08-08,3.9691,3.9697,3.9179,3.9188,BRL
2019-08-09,3.9196,3.9502,3.9191,3.9406,BRL
2019-08-12,3.9402,4.0132,3.939,3.9853,BRL
2019-08-13,3.9849,4.0128,3.9448,3.9646,BRL
2019-08-14,3.9638,4.0541,3.963,4.0522,BRL
2019-08-15,4.0516,4.0522,3.9791,3.9908,BRL
2019-08-16,3.9917,4.0083,3.9754,4.0054,BRL
2019-08-19,4.003,4.076,3.9904,4.074,BRL
2019-08-20,4.0744,4.0749,4.0261,4.0529,BRL
2019-08-21,4.054,4.0549,4.0134,4.026,BRL
2019-08-22,4.0263,4.0818,4.0169,4.0704,BRL
2019-08-23,4.0703,4.1324,4.05,4.1196,BRL
2019-08-26,4.12,4.1693,4.103,4.1569,BRL
2019-08-27,4.1573,4.1949,4.1206,4.13,BRL
2019-08-28,4.1264,4.169,4.1263,4.1677,BRL
2019-08-29,4.1691,4.1779,4.1423,4.1685,BRL
2019-08-30,4.1693,4.1713,4.1202,4.1445,BRL
2019-09-02,4.144,4.1894,4.141,4.1857,BRL
2019-09-03,4.1858,4.1864,4.1505,4.1678,BRL
2019-09-04,4.1675,4.1678,4.0889,4.0948,BRL
2019-09-05,4.0949,4.1152,4.0695,4.1081,BRL
2019-09-06,4.1085,4.1085,4.0534,4.0607,BRL
2019-09-09,4.063,4.1044,4.0478,4.0943,BRL
2019-09-10,4.0955,4.1297,4.0789,4.0798,BRL
2019-09-11,4.0808,4.0926,4.0511,4.0671,BRL
2019-09-12,4.0679,4.071,4.0266,4.0602,BRL
2019-09-13,4.0621,4.0957,4.0424,4.084,BRL
2019-09-16,4.0858,4.1067,4.0749,4.0801,BRL
2019-09-17,4.095,4.1174,4.0718,4.0773,BRL
2019-09-18,4.0776,4.1145,4.0728,4.1106,BRL
2019-09-19,4.1108,4.169,4.1073,4.1672,BRL
2019-09-20,4.1673,4.1839,4.1458,4.1472,BRL
2019-09-23,4.15,4.1847,4.1444,4.1629,BRL
2019-09-24,4.1643,4.1844,4.1536,4.1647,BRL
2019-09-25,4.1638,4.1949,4.1446,4.1477,BRL
2019-09-26,4.1484,4.1734,4.1214,4.1707,BRL
2019-09-27,4.1706,4.1712,4.1446,4.1599,BRL
2019-09-30,4.1625,4.1723,4.1415,4.1551,BRL
2019-10-01,4.1564,4.1858,4.1522,4.1578,BRL
2019-10-02,4.1575,4.1823,4.1272,4.1287,BRL
2019-10-03,4.129,4.1304,4.0742,4.0832,BRL
2019-10-04,4.0843,4.0863,4.0498,4.0551,BRL
2019-10-07,4.0561,4.1102,4.056,4.1068,BRL
2019-10-08,4.1071,4.1133,4.0734,4.0942,BRL
2019-10-09,4.0953,4.1113,4.0698,4.1089,BRL
2019-10-10,4.1096,4.1379,4.0894,4.1089,BRL
2019-10-11,4.1081,4.1266,4.0805,4.1094,BRL
2019-10-14,4.1064,4.1381,4.1064,4.1255,BRL
2019-10-15,4.1262,4.1817,4.1213,4.1805,BRL
2019-10-16,4.1803,4.1873,4.1469,4.1505,BRL
2019-10-17,4.151,4.1816,4.1264,4.163,BRL
2019-10-18,4.1637,4.1657,4.1098,4.1105,BRL
2019-10-21,4.1119,4.1523,4.1113,4.1285,BRL
2019-10-22,4.1294,4.132,4.0609,4.0817,BRL
2019-10-23,4.0807,4.0926,4.0281,4.0337,BRL
2019-10-24,4.0368,4.0458,3.9986,4.0401,BRL
2019-10-25,4.0421,4.0421,3.9914,4.0029,BRL
2019-10-28,4.0028,4.0098,3.9724,3.9902,BRL
2019-10-29,3.9912,4.0053,3.9835,3.998,BRL
2019-10-30,3.999,4.0323,3.9815,3.9895,BRL
2019-10-31,3.9926,4.0379,3.9638,4.0174,BRL
2019-11-01,4.0173,4.0211,3.9692,3.9897,BRL
2019-11-04,3.9895,4.02,3.975,4.0152,BRL
2019-11-05,4.0123,4.0243,3.9831,3.9935,BRL
2019-11-06,3.9935,4.0904,3.9754,4.0834,BRL
2019-11-07,4.084,4.1035,4.042,4.1004,BRL
2019-11-08,4.1146,4.1709,4.1081,4.1633,BRL
2019-11-11,4.1679,4.1717,4.1355,4.1516,BRL
2019-11-12,4.1529,4.1879,4.1427,4.1675,BRL
2019-11-13,4.1693,4.1904,4.1635,4.1702,BRL
2019-11-14,4.1698,4.1993,4.1627,4.1949,BRL
2019-11-15,4.1958,4.1962,4.1958,4.1957,BRL
2019-11-18,4.1785,4.2197,4.1697,4.2177,BRL
2019-11-19,4.2055,4.2197,4.1859,4.1942,BRL
2019-11-20,4.1933,4.198,4.1933,4.1955,BRL
2019-11-21,4.1951,4.2244,4.183,4.193,BRL
2019-11-22,4.194,4.2013,4.1724,4.1962,BRL
2019-11-25,4.1989,4.2313,4.1874,4.2266,BRL
2019-11-26,4.2269,4.2778,4.2269,4.233,BRL
2019-11-27,4.2295,4.2714,4.2265,4.2636,BRL
2019-11-28,4.2641,4.2659,4.1901,4.19,BRL
2019-11-29,4.1894,4.246,4.183,4.2364,BRL
2019-12-02,4.2362,4.2541,4.2079,4.223,BRL
2019-12-03,4.2236,4.2245,4.185,4.2063,BRL
2019-12-04,4.2054,4.2109,4.1827,4.2077,BRL
2019-12-05,4.2077,4.2238,4.1765,4.1856,BRL
2019-12-06,4.186,4.1951,4.134,4.1411,BRL
2019-12-09,4.1415,4.1613,4.1239,4.1422,BRL
2019-12-10,4.1427,4.1517,4.1327,4.1467,BRL
2019-12-11,4.1463,4.1467,4.1076,4.1238,BRL
2019-12-12,4.1242,4.1316,4.0817,4.0905,BRL
2019-12-13,4.092,4.1185,4.0752,4.108,BRL
2019-12-16,4.1105,4.1105,4.0547,4.0628,BRL
2019-12-17,4.0632,4.0785,4.0506,4.0716,BRL
2019-12-18,4.0684,4.0767,4.0462,4.063,BRL
2019-12-19,4.0634,4.0706,4.0509,4.0694,BRL
2019-12-20,4.0704,4.1026,4.058,4.1022,BRL
2019-12-23,4.102,4.102,4.0574,4.0833,BRL
2019-12-24,4.0838,4.0838,4.0838,4.0833,BRL
2019-12-25,4.0833,4.0833,4.0833,4.0833,BRL
2019-12-26,4.0825,4.0825,4.0457,4.0557,BRL
2019-12-27,4.0566,4.062,4.0347,4.0456,BRL
2019-12-30,4.049,4.049,4.0084,4.0191,BRL
2019-12-31,4.0197,4.0198,4.0194,4.019,BRL
2020-01-01,4.019,4.019,4.019,4.019,BRL
2020-01-02,4.0197,4.0413,4.0038,4.026,BRL
2020-01-03,4.0251,4.072,4.0251,4.0669,BRL
2020-01-06,4.0567,4.0746,4.0463,4.0616,BRL
2020-01-07,4.062,4.0928,4.0549,4.0676,BRL
2020-01-08,4.0676,4.0787,4.0399,4.0647,BRL
2020-01-09,4.0645,4.0935,4.0575,4.0925,BRL
2020-01-10,4.0936,4.1051,4.0615,4.096,BRL
2020-01-13,4.0907,4.1469,4.0885,4.1466,BRL
2020-01-14,4.1474,4.1618,4.1214,4.1326,BRL
2020-01-15,4.1323,4.1862,4.131,4.1753,BRL
2020-01-16,4.1756,4.2012,4.1593,4.1847,BRL
2020-01-17,4.1851,4.1936,4.1588,4.1616,BRL
2020-01-20,4.1658,4.1922,4.1629,4.1898,BRL
2020-01-21,4.1895,4.2178,4.183,4.2123,BRL
2020-01-22,4.202,4.2058,4.1724,4.1826,BRL
2020-01-23,4.1832,4.1907,4.1554,4.1703,BRL
2020-01-24,4.1707,4.1918,4.165,4.1814,BRL
2020-01-27,4.1842,4.2318,4.1797,4.2074,BRL
2020-01-28,4.2112,4.2169,4.1867,4.1943,BRL
2020-01-29,4.1948,4.2326,4.1814,4.2303,BRL
2020-01-30,4.2304,4.2727,4.2303,4.243,BRL
2020-01-31,4.2438,4.2905,4.2438,4.282,BRL
2020-02-03,4.2816,4.2828,4.2294,4.2476,BRL
2020-02-04,4.248,4.2625,4.2232,4.2545,BRL
2020-02-05,4.2552,4.2614,4.2263,4.2353,BRL
2020-02-06,4.2357,4.2862,4.2086,4.2822,BRL
2020-02-07,4.2825,4.3241,4.2794,4.3203,BRL
2020-02-10,4.321,4.3293,4.304,4.3248,BRL
2020-02-11,4.3252,4.3412,4.2969,4.3316,BRL
2020-02-12,4.3319,4.3558,4.3232,4.3548,BRL
2020-02-13,4.3553,4.3835,4.3081,4.3498,BRL
2020-02-14,4.3504,4.3504,4.2906,4.2974,BRL
2020-02-17,4.3003,4.332,4.2969,4.327,BRL
2020-02-18,4.328,4.3645,4.3252,4.3557,BRL
2020-02-19,4.3564,4.3779,4.3562,4.3649,BRL
2020-02-20,4.3653,4.3985,4.358,4.3933,BRL
2020-02-21,4.3939,4.4069,4.3712,4.3895,BRL
2020-02-24,4.3884,4.3884,4.3883,4.3878,BRL
2020-02-25,4.3883,4.3888,4.3879,4.3878,BRL
2020-02-26,4.3884,4.4553,4.388,4.4502,BRL
2020-02-27,4.4497,4.5021,4.4471,4.4861,BRL
2020-02-28,4.507,4.5144,4.4642,4.4733,BRL
2020-03-02,4.4948,4.5069,4.469,4.474,BRL
2020-03-03,4.4744,4.5184,4.4521,4.5144,BRL
2020-03-04,4.514,4.5881,4.5026,4.5847,BRL
2020-03-05,4.5993,4.6671,4.5844,4.6073,BRL
2020-03-06,4.6358,4.672,4.6108,4.6269,BRL
2020-03-09,4.76,4.7943,4.7052,4.7231,BRL
2020-03-10,4.6742,4.6874,4.6345,4.6425,BRL
2020-03-11,4.64,4.8284,4.64,4.8136,BRL
2020-03-12,4.8149,5.0284,4.7501,4.791,BRL
2020-03-13,4.7095,4.881,4.6424,4.858,BRL
2020-03-16,4.86,5.069,4.86,5.0002,BRL
2020-03-17,5.0358,5.0873,4.9594,5.0084,BRL
2020-03-18,5.0103,5.255,5.0074,5.1064,BRL
2020-03-19,5.1098,5.214,5.0682,5.0957,BRL
2020-03-20,5.0011,5.0662,4.982,5.0627,BRL
2020-03-23,5.0628,5.1479,5.005,5.1444,BRL
2020-03-24,5.1432,5.1432,5.0412,5.0983,BRL
2020-03-25,5.0995,5.1109,4.9722,5.0353,BRL
2020-03-26,5.0349,5.066,4.9733,5.0212,BRL
2020-03-27,5.0235,5.1282,5.0235,5.0997,BRL
2020-03-30,5.118,5.196,5.1128,5.1936,BRL
2020-03-31,5.1881,5.215,5.1679,5.2046,BRL
2020-04-01,5.2253,5.2747,5.221,5.2493,BRL
2020-04-02,5.2486,5.285,5.222,5.2533,BRL
2020-04-03,5.2566,5.3541,5.2556,5.3506,BRL
2020-04-06,5.2999,5.3114,5.2236,5.2863,BRL
2020-04-07,5.2817,5.2868,5.1819,5.2214,BRL
2020-04-08,5.2237,5.2489,5.1113,5.1233,BRL
2020-04-09,5.126,5.1534,5.0488,5.107,BRL
2020-04-10,5.1068,5.1068,5.1068,5.1063,BRL
2020-04-13,5.1219,5.2089,5.1038,5.1994,BRL
2020-04-14,5.1812,5.2123,5.1485,5.1621,BRL
2020-04-15,5.2227,5.2684,5.2157,5.2367,BRL
2020-04-16,5.2335,5.2683,5.2006,5.2333,BRL
2020-04-17,5.2341,5.2761,5.2067,5.2363,BRL
2020-04-20,5.2864,5.3202,5.2642,5.3168,BRL
2020-04-21,5.3172,5.3176,5.3167,5.3163,BRL
2020-04-22,5.3185,5.4643,5.3028,5.458,BRL
2020-04-23,5.4558,5.5566,5.4009,5.5335,BRL
2020-04-24,5.5339,5.7484,5.5339,5.5907,BRL
2020-04-27,5.5427,5.726,5.5345,5.6526,BRL
2020-04-28,5.6085,5.6221,5.471,5.4999,BRL
2020-04-29,5.502,5.5281,5.334,5.3348,BRL
2020-04-30,5.3346,5.4876,5.3306,5.4858,BRL
2020-05-01,5.4861,5.4861,5.4861,5.4856,BRL
2020-05-04,5.6141,5.6144,5.5187,5.545,BRL
2020-05-05,5.5424,5.6044,5.4818,5.5783,BRL
2020-05-06,5.5749,5.7235,5.5749,5.714,BRL
2020-05-07,5.7158,5.877,5.7158,5.8307,BRL
2020-05-08,5.8123,5.8286,5.7178,5.7319,BRL
2020-05-11,5.7826,5.8405,5.7651,5.818,BRL
2020-05-12,5.819,5.895,5.742,5.8856,BRL
2020-05-13,5.8863,5.944,5.8176,5.8852,BRL
2020-05-14,5.9249,5.9718,5.8022,5.8115,BRL
2020-05-15,5.811,5.8735,5.759,5.8554,BRL
2020-05-18,5.8565,5.8565,5.6942,5.719,BRL
2020-05-19,5.7192,5.7687,5.682,5.754,BRL
2020-05-20,5.7559,5.7573,5.6694,5.6925,BRL
2020-05-21,5.6925,5.7062,5.5473,5.5507,BRL
2020-05-22,5.5536,5.6256,5.5229,5.5338,BRL
2020-05-25,5.4943,5.5301,5.4321,5.4461,BRL
2020-05-26,5.4432,5.4432,5.334,5.345,BRL
2020-05-27,5.3417,5.361,5.2692,5.2733,BRL
2020-05-28,5.2743,5.4114,5.2743,5.4045,BRL
2020-05-29,5.4049,5.463,5.3189,5.3361,BRL
2020-06-01,5.334,5.4196,5.31,5.3633,BRL
2020-06-02,5.3672,5.37,5.1989,5.2014,BRL
2020-06-03,5.2006,5.211,5.0159,5.0622,BRL
2020-06-04,5.0624,5.1418,5.0244,5.119,BRL
2020-06-05,5.1187,5.1197,4.9328,4.9585,BRL
2020-06-08,4.962,4.9773,4.8175,4.823,BRL
2020-06-09,4.823,4.9359,4.823,4.8992,BRL
2020-06-10,4.9,4.9789,4.838,4.9732,BRL
2020-06-11,4.974,4.9765,4.974,4.976,BRL
2020-06-12,4.9774,5.1119,4.9765,5.0505,BRL
2020-06-15,5.1314,5.2261,5.0786,5.1557,BRL
2020-06-16,5.1173,5.2549,5.0478,5.243,BRL
2020-06-17,5.2446,5.2715,5.1814,5.2286,BRL
2020-06-18,5.2291,5.3884,5.2277,5.3776,BRL
2020-06-19,5.378,5.3821,5.2881,5.3105,BRL
2020-06-22,5.2904,5.2968,5.1973,5.2524,BRL
2020-06-23,5.2524,5.2537,5.1336,5.1542,BRL
2020-06-24,5.1525,5.3549,5.1525,5.3467,BRL
2020-06-25,5.3476,5.3803,5.2663,5.3561,BRL
2020-06-26,5.3607,5.4931,5.3607,5.484,BRL
2020-06-29,5.4847,5.4847,5.3893,5.4034,BRL
2020-06-30,5.4004,5.5082,5.4004,5.4661,BRL
2020-07-01,5.466,5.4763,5.2985,5.3174,BRL
2020-07-02,5.3185,5.3752,5.2655,5.3596,BRL
2020-07-03,5.3523,5.3807,5.3047,5.3158,BRL
2020-07-06,5.315,5.3592,5.2609,5.3562,BRL
2020-07-07,5.356,5.4017,5.288,5.379,BRL
2020-07-08,5.384,5.3942,5.3178,5.3422,BRL
2020-07-09,5.345,5.3789,5.245,5.3413,BRL
2020-07-10,5.339,5.3946,5.3129,5.3238,BRL
2020-07-13,5.313,5.4098,5.3105,5.404,BRL
2020-07-14,5.4032,5.4543,5.3306,5.3674,BRL
2020-07-15,5.3096,5.3911,5.2917,5.3698,BRL
2020-07-16,5.3697,5.3929,5.3065,5.3311,BRL
2020-07-17,5.3243,5.3923,5.3156,5.3849,BRL
2020-07-20,5.387,5.3913,5.3269,5.3283,BRL
2020-07-21,5.3291,5.3291,5.1647,5.1713,BRL
2020-07-22,5.1707,5.2029,5.0828,5.1166,BRL
2020-07-23,5.1191,5.2262,5.1188,5.2112,BRL
2020-07-24,5.2128,5.2532,5.1597,5.2329,BRL
2020-07-27,5.2332,5.2332,5.1411,5.1447,BRL
2020-07-28,5.1493,5.2044,5.1346,5.1533,BRL
2020-07-29,5.1383,5.1845,5.1145,5.1692,BRL
2020-07-30,5.1706,5.2165,5.1435,5.1534,BRL
2020-07-31,5.1541,5.2298,5.1531,5.224,BRL
2020-08-03,5.2223,5.3364,5.2115,5.3213,BRL
2020-08-04,5.3205,5.3775,5.2744,5.29,BRL
2020-08-05,5.244,5.3203,5.2317,5.2902,BRL
2020-08-06,5.2915,5.3721,5.2915,5.3315,BRL
2020-08-07,5.3442,5.4394,5.3401,5.4383,BRL
2020-08-10,5.4396,5.4907,5.3518,5.4812,BRL
2020-08-11,5.4809,5.4822,5.3716,5.38,BRL
2020-08-12,5.382,5.4925,5.382,5.4333,BRL
2020-08-13,5.4356,5.4362,5.349,5.369,BRL
2020-08-14,5.3698,5.4422,5.3572,5.4204,BRL
2020-08-17,5.441,5.515,5.409,5.509,BRL
2020-08-18,5.5098,5.5168,5.4206,5.4666,BRL
2020-08-19,5.4674,5.5619,5.4346,5.5575,BRL
2020-08-20,5.5573,5.6733,5.5382,5.5568,BRL
2020-08-21,5.5587,5.6332,5.5555,5.6192,BRL
2020-08-24,5.5772,5.6148,5.5589,5.61,BRL
2020-08-25,5.6112,5.6136,5.5049,5.5075,BRL
2020-08-26,5.509,5.6342,5.5089,5.6054,BRL
2020-08-27,5.606,5.6223,5.5435,5.5691,BRL
2020-08-28,5.5701,5.5702,5.3855,5.3881,BRL
2020-08-31,5.385,5.4955,5.385,5.4914,BRL
2020-09-01,5.4927,5.4927,5.3344,5.396,BRL
2020-09-02,5.3987,5.4309,5.3407,5.3403,BRL
2020-09-03,5.3408,5.3752,5.2722,5.2914,BRL
2020-09-04,5.2901,5.3285,5.2465,5.3012,BRL
2020-09-07,5.2995,5.2995,5.2995,5.2995,BRL
2020-09-08,5.3607,5.4097,5.3156,5.3638,BRL
2020-09-09,5.3614,5.362,5.2784,5.3078,BRL
2020-09-10,5.3096,5.3325,5.2681,5.321,BRL
2020-09-11,5.3209,5.3495,5.2583,5.3189,BRL
2020-09-14,5.3191,5.3234,5.2613,5.2706,BRL
2020-09-15,5.2698,5.3016,5.2192,5.2748,BRL
2020-09-16,5.2762,5.2785,5.2103,5.2377,BRL
2020-09-17,5.2379,5.2924,5.2264,5.2394,BRL
2020-09-18,5.2398,5.3989,5.2391,5.3876,BRL
2020-09-21,5.4511,5.4979,5.3876,5.4131,BRL
2020-09-22,5.4147,5.4968,5.3828,5.4704,BRL
2020-09-23,5.4702,5.5991,5.47,5.5943,BRL
2020-09-24,5.593,5.6243,5.4926,5.5089,BRL
2020-09-25,5.5098,5.589,5.5098,5.5624,BRL
2020-09-28,5.5135,5.676,5.5127,5.6627,BRL
2020-09-29,5.6615,5.6786,5.6061,5.6344,BRL
2020-09-30,5.6352,5.6705,5.587,5.6112,BRL
2020-10-01,5.6109,5.6652,5.5739,5.6437,BRL
2020-10-02,5.6433,5.6929,5.6072,5.6851,BRL
2020-10-05,5.6498,5.6774,5.55,5.5743,BRL
2020-10-06,5.5745,5.6174,5.483,5.593,BRL
2020-10-07,5.5614,5.6396,5.5508,5.6097,BRL
2020-10-08,5.6128,5.6469,5.5761,5.5987,BRL
2020-10-09,5.6,5.6014,5.5104,5.5318,BRL
2020-10-12,5.5316,5.5316,5.5316,5.5316,BRL
2020-10-13,5.5263,5.6262,5.521,5.5693,BRL
2020-10-14,5.5729,5.6055,5.5349,5.5912,BRL
2020-10-15,5.5958,5.6483,5.5886,5.6126,BRL
2020-10-16,5.6097,5.6549,5.5975,5.6428,BRL
2020-10-19,5.6463,5.6503,5.5665,5.6069,BRL
2020-10-20,5.6103,5.6267,5.5472,5.6054,BRL
2020-10-21,5.6058,5.6294,5.5707,5.6066,BRL
2020-10-22,5.6088,5.6264,5.5627,5.5893,BRL
2020-10-23,5.5929,5.6355,5.5652,5.6175,BRL
2020-10-26,5.6551,5.6638,5.6099,5.6229,BRL
2020-10-27,5.6243,5.7127,5.5987,5.7055,BRL
2020-10-28,5.706,5.7928,5.7017,5.7457,BRL
2020-10-29,5.7466,5.7923,5.7439,5.779,BRL
2020-10-30,5.7781,5.8084,5.7217,5.7446,BRL
2020-11-02,5.743,5.743,5.743,5.7425,BRL
2020-11-03,5.6964,5.7668,5.6488,5.756,BRL
2020-11-04,5.7565,5.7655,5.6434,5.6635,BRL
2020-11-05,5.6129,5.631,5.5223,5.525,BRL
2020-11-06,5.5255,5.5742,5.3585,5.3647,BRL
2020-11-09,5.2746,5.426,5.2235,5.3858,BRL
2020-11-10,5.3736,5.419,5.3345,5.4147,BRL
2020-11-11,5.418,5.4571,5.3737,5.391,BRL
2020-11-12,5.416,5.4905,5.3526,5.4581,BRL
2020-11-13,5.458,5.5264,5.4497,5.4582,BRL
2020-11-16,5.4148,5.4585,5.3637,5.4152,BRL
2020-11-17,5.4165,5.4233,5.3221,5.3281,BRL
2020-11-18,5.3285,5.3725,5.274,5.3629,BRL
2020-11-19,5.3634,5.3805,5.2972,5.3054,BRL
2020-11-20,5.2913,5.3959,5.2848,5.3797,BRL
2020-11-23,5.378,5.4507,5.3388,5.439,BRL
2020-11-24,5.441,5.445,5.3704,5.3736,BRL
2020-11-25,5.374,5.3956,5.3037,5.3237,BRL
2020-11-26,5.3198,5.3584,5.2956,5.3365,BRL
2020-11-27,5.336,5.3802,5.3195,5.3438,BRL
2020-11-30,5.2906,5.3971,5.2737,5.3319,BRL
2020-12-01,5.3158,5.3301,5.2031,5.2061,BRL
2020-12-02,5.2252,5.2555,5.2059,5.2175,BRL
2020-12-03,5.2178,5.231,5.1209,5.1515,BRL
2020-12-04,5.154,5.1846,5.1164,5.1557,BRL
2020-12-07,5.1598,5.1701,5.057,5.099,BRL
2020-12-08,5.1,5.1392,5.0627,5.1202,BRL
2020-12-09,5.1206,5.1981,5.0868,5.1708,BRL
2020-12-10,5.1109,5.1328,5.0144,5.0256,BRL
2020-12-11,5.0438,5.0886,5.0288,5.0656,BRL
2020-12-14,5.0383,5.1307,5.01,5.1189,BRL
2020-12-15,5.1145,5.1249,5.0761,5.0842,BRL
2020-12-16,5.0824,5.144,5.0646,5.0838,BRL
2020-12-17,5.0601,5.089,5.0421,5.0582,BRL
2020-12-18,5.0593,5.1176,5.0593,5.1022,BRL
2020-12-21,5.2012,5.225,5.1122,5.1222,BRL
2020-12-22,5.122,5.1731,5.1094,5.1597,BRL
2020-12-23,5.1605,5.2215,5.1287,5.2164,BRL
2020-12-24,5.2167,5.2167,5.2167,5.2165,BRL
2020-12-25,5.2165,5.2165,5.2165,5.2165,BRL
2020-12-28,5.1784,5.3124,5.1639,5.2461,BRL
2020-12-29,5.246,5.2473,5.1646,5.2099,BRL
2020-12-30,5.2051,5.2361,5.1519,5.1937,BRL
2020-12-31,5.1937,5.1937,5.1937,5.1937,BRL
2021-01-01,5.1937,5.1937,5.1937,5.1937,BRL
2021-01-04,5.1351,5.2973,5.1197,5.2968,BRL
2021-01-05,5.2955,5.3546,5.2515,5.2854,BRL
2021-01-06,5.2863,5.3598,5.2318,5.3139,BRL
2021-01-07,5.3169,5.4187,5.2989,5.4101,BRL
2021-01-08,5.4108,5.4407,5.3208,5.4178,BRL
2021-01-11,5.4666,5.5166,5.4491,5.489,BRL
2021-01-12,5.4893,5.4941,5.3116,5.3226,BRL
2021-01-13,5.3233,5.355,5.2702,5.299,BRL
2021-01-14,5.2992,5.3034,5.191,5.1967,BRL
2021-01-15,5.1971,5.3108,5.1971,5.2927,BRL
2021-01-18,5.3025,5.3229,5.2356,5.2957,BRL
2021-01-19,5.2691,5.3684,5.2419,5.3578,BRL
2021-01-20,5.3589,5.3589,5.2823,5.2917,BRL
2021-01-21,5.2544,5.4006,5.2314,5.3506,BRL
2021-01-22,5.3547,5.4875,5.3547,5.4666,BRL
2021-01-25,5.467,5.467,5.467,5.4665,BRL
2021-01-26,5.4712,5.4783,5.3119,5.3552,BRL
2021-01-27,5.3556,5.4205,5.3491,5.4138,BRL
2021-01-28,5.425,5.4604,5.3898,5.441,BRL
2021-01-29,5.439,5.5061,5.4189,5.4625,BRL
2021-02-01,5.4663,5.4863,5.4206,5.4322,BRL
2021-02-02,5.4326,5.4326,5.3426,5.368,BRL
2021-02-03,5.3663,5.3945,5.3202,5.3534,BRL
2021-02-04,5.3552,5.4571,5.3544,5.4266,BRL
2021-02-05,5.427,5.4562,5.3436,5.3704,BRL
2021-02-08,5.404,5.4209,5.3042,5.3657,BRL
2021-02-09,5.366,5.4478,5.3536,5.3781,BRL
2021-02-10,5.379,5.4378,5.3485,5.386,BRL
2021-02-11,5.3882,5.4118,5.333,5.3665,BRL
2021-02-12,5.3953,5.4127,5.3543,5.3698,BRL
2021-02-15,5.3698,5.3698,5.3698,5.3698,BRL
2021-02-16,5.3685,5.3708,5.3685,5.3695,BRL
2021-02-17,5.3708,5.4332,5.3708,5.4105,BRL
2021-02-18,5.3877,5.4536,5.3854,5.427,BRL
2021-02-19,5.4267,5.4706,5.3669,5.3823,BRL
2021-02-22,5.5127,5.5343,5.4296,5.4659,BRL
2021-02-23,5.4692,5.4843,5.4076,5.4409,BRL
2021-02-24,5.4409,5.4454,5.3895,5.4062,BRL
2021-02-25,5.445,5.539,5.4173,5.5308,BRL
2021-02-26,5.534,5.6093,5.4905,5.5986,BRL
2021-03-01,5.587,5.6427,5.5553,5.6418,BRL
2021-03-02,5.6422,5.734,5.6387,5.6761,BRL
2021-03-03,5.6872,5.7729,5.5807,5.6193,BRL
2021-03-04,5.5701,5.6853,5.5439,5.6693,BRL
2021-03-05,5.6697,5.7233,5.6517,5.6908,BRL
2021-03-08,5.6898,5.8769,5.6898,5.8755,BRL
2021-03-09,5.8753,5.8788,5.7676,5.8025,BRL
2021-03-10,5.7903,5.8144,5.6443,5.672,BRL
2021-03-11,5.6078,5.6215,5.5257,5.5357,BRL
2021-03-12,5.5362,5.5874,5.5324,5.5518,BRL
2021-03-15,5.5501,5.6568,5.531,5.6156,BRL
2021-03-16,5.6252,5.6345,5.5573,5.6246,BRL
2021-03-17,5.6249,5.6827,5.5688,5.5832,BRL
2021-03-18,5.586,5.586,5.4763,5.5604,BRL
2021-03-19,5.5609,5.564,5.4483,5.4917,BRL
2021-03-22,5.5087,5.5483,5.4936,5.5045,BRL
2021-03-23,5.5046,5.5509,5.464,5.5214,BRL
2021-03-24,5.5216,5.6432,5.4891,5.6209,BRL
2021-03-25,5.6213,5.6821,5.6174,5.6475,BRL
2021-03-26,5.6473,5.7589,5.6448,5.7566,BRL
2021-03-29,5.755,5.8069,5.736,5.7799,BRL
2021-03-30,5.7824,5.8034,5.72,5.7745,BRL
2021-03-31,5.774,5.7768,5.6214,5.6315,BRL
2021-04-01,5.633,5.7276,5.6081,5.7071,BRL
2021-04-02,5.708,5.708,5.708,5.7075,BRL
2021-04-05,5.71,5.7102,5.6323,5.6632,BRL
2021-04-06,5.6642,5.6699,5.5742,5.5904,BRL
2021-04-07,5.5905,5.6551,5.5474,5.6143,BRL
2021-04-08,5.6136,5.6174,5.5382,5.572,BRL
2021-04-09,5.5681,5.6852,5.5665,5.6821,BRL
2021-04-12,5.6822,5.7425,5.63,5.7333,BRL
2021-04-13,5.734,5.7562,5.6629,5.7166,BRL
2021-04-14,5.718,5.736,5.6452,5.6526,BRL
2021-04-15,5.654,5.6604,5.5952,5.6162,BRL
2021-04-16,5.6142,5.6781,5.5657,5.5883,BRL
2021-04-19,5.5873,5.6224,5.5262,5.5461,BRL
2021-04-20,5.5461,5.5883,5.5022,5.5687,BRL
2021-04-21,5.5692,5.5695,5.5692,5.569,BRL
2021-04-22,5.5669,5.5669,5.4373,5.4448,BRL
2021-04-23,5.4445,5.524,5.4239,5.4751,BRL
2021-04-26,5.4758,5.4904,5.4318,5.4364,BRL
2021-04-27,5.4366,5.4673,5.4098,5.449,BRL
2021-04-28,5.4526,5.4561,5.3429,5.343,BRL
2021-04-29,5.3428,5.3798,5.3275,5.3375,BRL
2021-04-30,5.3384,5.4489,5.3351,5.4366,BRL
2021-05-03,5.436,5.4561,5.3727,5.442,BRL
2021-05-04,5.4398,5.4843,5.4114,5.4435,BRL
2021-05-05,5.4455,5.4478,5.3512,5.3542,BRL
2021-05-06,5.3573,5.3752,5.2567,5.276,BRL
2021-05-07,5.2768,5.2952,5.2026,5.2368,BRL
2021-05-10,5.234,5.2526,5.1964,5.2272,BRL
2021-05-11,5.2273,5.2823,5.2031,5.2208,BRL
2021-05-12,5.2227,5.3199,5.2105,5.3061,BRL
2021-05-13,5.3043,5.3332,5.2519,5.309,BRL
2021-05-14,5.309,5.309,5.2442,5.2728,BRL
2021-05-17,5.2725,5.3205,5.2443,5.2729,BRL
2021-05-18,5.2753,5.2814,5.2299,5.2605,BRL
2021-05-19,5.2608,5.3261,5.2586,5.3094,BRL
2021-05-20,5.3097,5.3109,5.2699,5.2825,BRL
2021-05-21,5.2844,5.3711,5.2704,5.3617,BRL
2021-05-24,5.3665,5.3746,5.3095,5.3175,BRL
2021-05-25,5.3203,5.3475,5.2941,5.3312,BRL
2021-05-26,5.329,5.3435,5.2867,5.3115,BRL
2021-05-27,5.3121,5.3133,5.2346,5.2383,BRL
2021-05-28,5.24,5.2664,5.2089,5.2244,BRL
2021-05-31,5.2227,5.2633,5.1982,5.2172,BRL
2021-06-01,5.221,5.2212,5.1399,5.1509,BRL
2021-06-02,5.1515,5.1755,5.0671,5.0754,BRL
2021-06-03,5.0787,5.0787,5.078,5.0775,BRL
2021-06-04,5.1135,5.1155,5.032,5.0495,BRL
2021-06-07,5.0466,5.0703,5.0172,5.0451,BRL
2021-06-08,5.0467,5.0689,5.0205,5.0325,BRL
2021-06-09,5.0363,5.0863,5.0181,5.0621,BRL
2021-06-10,5.065,5.0922,5.0323,5.0552,BRL
2021-06-11,5.059,5.1395,5.053,5.1171,BRL
2021-06-14,5.1152,5.119,5.0539,5.0601,BRL
2021-06-15,5.0601,5.1052,5.0378,5.0437,BRL
2021-06-16,5.0436,5.0821,4.9922,5.0545,BRL
2021-06-17,5.0587,5.076,5.0068,5.0059,BRL
2021-06-18,5.0077,5.11,4.9815,5.0894,BRL
2021-06-21,5.0753,5.0824,5.0129,5.013,BRL
2021-06-22,5.0143,5.0459,4.9569,4.9574,BRL
2021-06-23,4.9578,4.9802,4.9373,4.9667,BRL
2021-06-24,4.9671,4.972,4.8978,4.9137,BRL
2021-06-25,4.9143,4.975,4.8929,4.9335,BRL
2021-06-28,4.9308,4.9724,4.9171,4.9244,BRL
2021-06-29,4.9325,4.9714,4.9209,4.9559,BRL
2021-06-30,4.9566,5.0242,4.9527,4.9686,BRL
2021-07-01,4.9705,5.0558,4.9467,5.0476,BRL
2021-07-02,5.0507,5.0745,4.9875,5.0575,BRL
2021-07-05,5.0551,5.1007,5.0459,5.091,BRL
2021-07-06,5.0969,5.2176,5.0753,5.1969,BRL
2021-07-07,5.1969,5.2815,5.1696,5.2315,BRL
2021-07-08,5.2315,5.3145,5.2187,5.2579,BRL
2021-07-09,5.2579,5.2579,5.2579,5.2579,BRL
2021-07-12,5.2586,5.285,5.163,5.173,BRL
2021-07-13,5.1747,5.2233,5.1479,5.1622,BRL
2021-07-14,5.1638,5.1656,5.0666,5.0706,BRL
2021-07-15,5.0716,5.1389,5.053,5.11,BRL
2021-07-16,5.113,5.1281,5.0742,5.1147,BRL
2021-07-19,5.1185,5.2591,5.1185,5.2519,BRL
2021-07-20,5.2526,5.295,5.2018,5.2205,BRL
2021-07-21,5.2413,5.2782,5.1806,5.1874,BRL
2021-07-22,5.1887,5.2249,5.167,5.2003,BRL
2021-07-23,5.1858,5.2332,5.1584,5.2006,BRL
2021-07-26,5.2051,5.2303,5.1516,5.1761,BRL
2021-07-27,5.177,5.2061,5.1486,5.169,BRL
2021-07-28,5.171,5.1926,5.1039,5.1157,BRL
2021-07-29,5.1166,5.1166,5.0406,5.0812,BRL
2021-07-30,5.0773,5.2287,5.0754,5.2123,BRL
2021-08-02,5.2158,5.2194,5.1136,5.1747,BRL
2021-08-03,5.1708,5.275,5.1651,5.1967,BRL
2021-08-04,5.1975,5.2463,5.1649,5.1685,BRL
2021-08-05,5.17,5.2586,5.1101,5.2488,BRL
2021-08-06,5.2467,5.2757,5.205,5.2301,BRL
2021-08-09,5.2325,5.2993,5.2146,5.2331,BRL
2021-08-10,5.2334,5.2631,5.1847,5.1895,BRL
2021-08-11,5.1899,5.2348,5.1636,5.2185,BRL
2021-08-12,5.2193,5.2617,5.2089,5.2524,BRL
2021-08-13,5.2532,5.2816,5.2198,5.2466,BRL
2021-08-16,5.2439,5.2971,5.2285,5.2595,BRL
2021-08-17,5.282,5.3046,5.2359,5.2948,BRL
2021-08-18,5.2839,5.3974,5.2626,5.3794,BRL
2021-08-19,5.4188,5.456,5.3795,5.4142,BRL
2021-08-20,5.4155,5.4758,5.3656,5.377,BRL
2021-08-23,5.3795,5.4024,5.344,5.3802,BRL
2021-08-24,5.3801,5.3828,5.2452,5.2463,BRL
2021-08-25,5.2482,5.271,5.2058,5.2117,BRL
2021-08-26,5.2097,5.2676,5.2097,5.2522,BRL
2021-08-27,5.2577,5.2616,5.1869,5.1996,BRL
2021-08-30,5.1999,5.2266,5.1818,5.184,BRL
2021-08-31,5.1845,5.1973,5.1155,5.1492,BRL
2021-09-01,5.1694,5.1984,5.1417,5.1858,BRL
2021-09-02,5.1864,5.2013,5.1421,5.1819,BRL
2021-09-03,5.183,5.2018,5.131,5.1908,BRL
2021-09-06,5.192,5.2126,5.1548,5.1693,BRL
2021-09-07,5.1706,5.1708,5.1704,5.1692,BRL
2021-09-08,5.2016,5.3345,5.1955,5.3214,BRL
2021-09-09,5.3252,5.3347,5.193,5.1976,BRL
2021-09-10,5.1677,5.2712,5.1637,5.2454,BRL
2021-09-13,5.249,5.2659,5.2008,5.2144,BRL
2021-09-14,5.2394,5.2642,5.198,5.2398,BRL
2021-09-15,5.2408,5.2722,5.2149,5.2219,BRL
2021-09-16,5.2376,5.2802,5.2315,5.2535,BRL
2021-09-17,5.2568,5.3473,5.2509,5.2883,BRL
2021-09-20,5.2851,5.3779,5.2849,5.324,BRL
2021-09-21,5.3252,5.3374,5.2626,5.2699,BRL
2021-09-22,5.2707,5.3192,5.2495,5.2888,BRL
2021-09-23,5.2618,5.3124,5.2561,5.303,BRL
2021-09-24,5.3039,5.355,5.3023,5.3344,BRL
2021-09-27,5.3384,5.3946,5.3066,5.3914,BRL
2021-09-28,5.392,5.4521,5.3863,5.4293,BRL
2021-09-29,5.4292,5.4471,5.3913,5.4152,BRL
2021-09-30,5.4121,5.4767,5.3668,5.4428,BRL
2021-10-01,5.4432,5.4432,5.3527,5.3628,BRL
2021-10-04,5.3614,5.4593,5.3614,5.4535,BRL
2021-10-05,5.4547,5.488,5.4239,5.4748,BRL
2021-10-06,5.477,5.5381,5.4755,5.4912,BRL
2021-10-07,5.4937,5.5295,5.4667,5.5188,BRL
2021-10-08,5.5187,5.5324,5.4768,5.5082,BRL
2021-10-11,5.5073,5.5446,5.4946,5.5367,BRL
2021-10-12,5.537,5.5372,5.5328,5.5325,BRL
2021-10-13,5.5368,5.5737,5.4989,5.5133,BRL
2021-10-14,5.5139,5.5308,5.467,5.5132,BRL
2021-10-15,5.5139,5.5139,5.4337,5.4611,BRL
2021-10-18,5.4576,5.5434,5.4576,5.5117,BRL
2021-10-19,5.5128,5.6125,5.5128,5.5844,BRL
2021-10-20,5.5851,5.6026,5.5199,5.5975,BRL
2021-10-21,5.5987,5.6907,5.598,5.6577,BRL
2021-10-22,5.6584,5.7547,5.6214,5.6474,BRL
2021-10-25,5.6534,5.6587,5.5367,5.5563,BRL
2021-10-26,5.5557,5.6068,5.5466,5.5666,BRL
2021-10-27,5.5668,5.5924,5.5367,5.538,BRL
2021-10-28,5.5375,5.6636,5.5367,5.6464,BRL
2021-10-29,5.6464,5.6636,5.5972,5.6372,BRL
2021-11-01,5.6221,5.6889,5.6206,5.6815,BRL
2021-11-02,5.685,5.685,5.68,5.6795,BRL
2021-11-03,5.6808,5.7,5.5447,5.5525,BRL
2021-11-04,5.5881,5.6281,5.5627,5.602,BRL
2021-11-05,5.5988,5.6075,5.5013,5.5428,BRL
2021-11-08,5.5667,5.5979,5.5328,5.544,BRL
2021-11-09,5.5477,5.5495,5.4559,5.4804,BRL
2021-11-10,5.501,5.5103,5.4357,5.491,BRL
2021-11-11,5.4945,5.4945,5.3879,5.3989,BRL
2021-11-12,5.4044,5.4687,5.3927,5.4588,BRL
2021-11-15,5.457,5.458,5.457,5.4575,BRL
2021-11-16,5.4591,5.5093,5.4296,5.5028,BRL
2021-11-17,5.4986,5.5359,5.4655,5.5292,BRL
2021-11-18,5.5291,5.5775,5.5238,5.5576,BRL
2021-11-19,5.5782,5.6151,5.5207,5.6135,BRL
2021-11-22,5.6013,5.6144,5.562,5.5865,BRL
2021-11-23,5.5854,5.6636,5.5672,5.5712,BRL
2021-11-24,5.5712,5.6235,5.554,5.6061,BRL
2021-11-25,5.5926,5.5991,5.5479,5.5664,BRL
2021-11-26,5.6561,5.6561,5.5719,5.6093,BRL
2021-11-29,5.6085,5.6403,5.5794,5.6017,BRL
2021-11-30,5.6037,5.6704,5.5779,5.6239,BRL
2021-12-01,5.6243,5.6959,5.577,5.6955,BRL
2021-12-02,5.6632,5.6791,5.6139,5.6462,BRL
2021-12-03,5.6514,5.6864,5.6007,5.6532,BRL
2021-12-06,5.6532,5.7029,5.635,5.6891,BRL
2021-12-07,5.689,5.689,5.6085,5.6128,BRL
2021-12-08,5.6027,5.6364,5.5256,5.5327,BRL
2021-12-09,5.5374,5.5999,5.5176,5.5727,BRL
2021-12-10,5.56,5.6358,5.558,5.6127,BRL
2021-12-13,5.6105,5.6813,5.6012,5.6804,BRL
2021-12-14,5.6682,5.6986,5.6179,5.6815,BRL
2021-12-15,5.6873,5.7364,5.6574,5.6806,BRL
2021-12-16,5.6693,5.7256,5.6589,5.6884,BRL
2021-12-17,5.6887,5.7167,5.661,5.6959,BRL
2021-12-20,5.7141,5.7467,5.6892,5.742,BRL
2021-12-21,5.7417,5.7578,5.7112,5.7451,BRL
2021-12-22,5.7425,5.7442,5.6471,5.654,BRL
2021-12-23,5.6554,5.7194,5.6259,5.6749,BRL
2021-12-24,5.6753,5.6753,5.6753,5.675,BRL
2021-12-27,5.6701,5.7067,5.6236,5.6249,BRL
2021-12-28,5.6263,5.6628,5.6195,5.6283,BRL
2021-12-29,5.6356,5.7105,5.6235,5.7032,BRL
2021-12-30,5.6957,5.7039,5.547,5.571,BRL
2021-12-31,5.5715,5.5717,5.5711,5.5703,BRL
2022-01-03,5.5668,5.6827,5.5565,5.6818,BRL
2022-01-04,5.6667,5.7113,5.6372,5.677,BRL
2022-01-05,5.6774,5.7242,5.6419,5.7087,BRL
2022-01-06,5.6878,5.7255,5.6694,5.6834,BRL
2022-01-07,5.6869,5.7107,5.6191,5.6355,BRL
2022-01-10,5.634,5.693,5.6286,5.6633,BRL
2022-01-11,5.6657,5.6761,5.5635,5.5686,BRL
2022-01-12,5.566,5.6012,5.5196,5.5338,BRL
2022-01-13,5.535,5.556,5.5005,5.5286,BRL
2022-01-14,5.5287,5.5537,5.5081,5.5344,BRL
2022-01-17,5.5352,5.539,5.494,5.5165,BRL
2022-01-18,5.5217,5.5832,5.5043,5.5666,BRL
2022-01-19,5.5485,5.5527,5.4372,5.4383,BRL
2022-01-20,5.4428,5.462,5.379,5.4191,BRL
2022-01-21,5.422,5.4753,5.4035,5.4582,BRL
2022-01-24,5.4528,5.5251,5.4528,5.4877,BRL
2022-01-25,5.488,5.5221,5.4278,5.4437,BRL
2022-01-26,5.4456,5.4677,5.3919,5.4324,BRL
2022-01-27,5.4336,5.4355,5.3532,5.4065,BRL
2022-01-28,5.4099,5.4331,5.3664,5.3674,BRL
2022-01-31,5.3698,5.3981,5.2837,5.3041,BRL
2022-02-01,5.2984,5.3182,5.2639,5.2655,BRL
2022-02-02,5.2687,5.3151,5.254,5.262,BRL
2022-02-03,5.2765,5.3233,5.2717,5.2839,BRL
2022-02-04,5.3027,5.351,5.2778,5.3279,BRL
2022-02-07,5.326,5.3283,5.2492,5.2636,BRL
2022-02-08,5.2634,5.29,5.2508,5.2593,BRL
2022-02-09,5.26,5.291,5.2126,5.2354,BRL
2022-02-10,5.2389,5.2557,5.1728,5.2496,BRL
2022-02-11,5.2365,5.2659,5.1805,5.2527,BRL
2022-02-14,5.256,5.267,5.1954,5.2149,BRL
2022-02-15,5.2188,5.2212,5.1585,5.159,BRL
2022-02-16,5.1601,5.1782,5.1225,5.1365,BRL
2022-02-17,5.136,5.184,5.1239,5.1718,BRL
2022-02-18,5.1718,5.1766,5.1088,5.1385,BRL
2022-02-21,5.1374,5.1552,5.0746,5.1036,BRL
2022-02-22,5.108,5.108,5.0438,5.0583,BRL
2022-02-23,5.0621,5.0621,4.9939,5.0097,BRL
2022-02-24,5.005,5.164,5.005,5.1231,BRL
2022-02-25,5.12,5.181,5.0786,5.1623,BRL
2022-02-28,5.1638,5.1654,5.1601,5.1599,BRL
2022-03-01,5.1605,5.1605,5.1605,5.1595,BRL
2022-03-02,5.2144,5.2233,5.0867,5.0995,BRL
2022-03-03,5.0978,5.1155,5.0189,5.032,BRL
2022-03-04,5.0517,5.1018,5.0227,5.062,BRL
2022-03-07,5.0785,5.1152,5.028,5.1115,BRL
2022-03-08,5.0813,5.1011,5.0446,5.0599,BRL
2022-03-09,5.0286,5.0364,4.985,5.0123,BRL
2022-03-10,5.015,5.0765,5.0101,5.011,BRL
2022-03-11,5.0131,5.082,4.982,5.0745,BRL
2022-03-14,5.0591,5.1402,5.0373,5.1193,BRL
2022-03-15,5.1224,5.17,5.0922,5.1631,BRL
2022-03-16,5.1599,5.1599,5.0718,5.0757,BRL
2022-03-17,5.0778,5.108,5.0279,5.039,BRL
2022-03-18,5.0407,5.0761,4.9924,5.0231,BRL
2022-03-21,5.0245,5.0299,4.9308,4.9354,BRL
2022-03-22,4.9366,4.9514,4.9048,4.9094,BRL
2022-03-23,4.9108,4.9214,4.8215,4.8258,BRL
2022-03-24,4.8263,4.8591,4.7649,4.8253,BRL
2022-03-25,4.8273,4.8298,4.7297,4.742,BRL
2022-03-28,4.7525,4.8196,4.7326,4.7675,BRL
2022-03-29,4.768,4.7851,4.7149,4.7561,BRL
2022-03-30,4.758,4.7925,4.7253,4.7685,BRL
2022-03-31,4.7709,4.7965,4.7216,4.739,BRL
2022-04-01,4.7408,4.7408,4.6525,4.6575,BRL
2022-04-04,4.6595,4.6751,4.5885,4.5928,BRL
2022-04-05,4.595,4.6742,4.5805,4.6506,BRL
2022-04-06,4.6523,4.7263,4.646,4.7161,BRL
2022-04-07,4.7093,4.7733,4.6895,4.7524,BRL
2022-04-08,4.7534,4.795,4.6935,4.697,BRL
2022-04-11,4.7057,4.7397,4.6783,4.6944,BRL
2022-04-12,4.6892,4.6958,4.6215,4.6735,BRL
2022-04-13,4.678,4.7057,4.6511,4.6899,BRL
2022-04-14,4.688,4.7418,4.6854,4.7013,BRL
2022-04-15,4.6971,4.6971,4.697,4.6965,BRL
2022-04-18,4.6971,4.7091,4.6439,4.6527,BRL
2022-04-19,4.6536,4.6866,4.6379,4.6675,BRL
2022-04-20,4.6663,4.6804,4.608,4.6219,BRL
2022-04-21,4.6224,4.6225,4.6224,4.622,BRL
2022-04-22,4.6214,4.8393,4.6214,4.7937,BRL
2022-04-25,4.7974,4.9491,4.7974,4.8766,BRL
2022-04-26,4.8777,5.0023,4.8777,4.9989,BRL
2022-04-27,4.9992,5.0405,4.9277,4.9651,BRL
2022-04-28,4.9655,5.046,4.9351,4.9425,BRL
2022-04-29,4.9404,4.9819,4.8588,4.9721,BRL
2022-05-02,4.9692,5.094,4.9657,5.0848,BRL
2022-05-03,5.084,5.084,4.9559,4.9584,BRL
2022-05-04,4.9563,5.0368,4.8922,4.9198,BRL
2022-05-05,4.92,5.0589,4.9174,5.028,BRL
2022-05-06,5.0293,5.115,5.007,5.0774,BRL
2022-05-09,5.0784,5.1625,5.0784,5.1617,BRL
2022-05-10,5.1622,5.1666,5.109,5.1313,BRL
2022-05-11,5.1328,5.1717,5.091,5.1373,BRL
2022-05-12,5.138,5.2103,5.105,5.1339,BRL
2022-05-13,5.1347,5.1503,5.0456,5.0602,BRL
2022-05-16,5.0647,5.1045,5.0307,5.0599,BRL
2022-05-17,5.0617,5.0617,4.9261,4.9387,BRL
2022-05-18,4.9372,5.0005,4.9197,4.9682,BRL
2022-05-19,4.9688,4.9694,4.879,4.9309,BRL
2022-05-20,4.9315,4.9315,4.8519,4.8788,BRL
2022-05-23,4.8797,4.8797,4.7848,4.813,BRL
2022-05-24,4.8125,4.8548,4.775,4.8191,BRL
2022-05-25,4.8191,4.8645,4.8048,4.8275,BRL
2022-05-26,4.826,4.8442,4.7501,4.7677,BRL
2022-05-27,4.77,4.7819,4.7148,4.7295,BRL
2022-05-30,4.7311,4.7568,4.6904,4.7526,BRL
2022-05-31,4.7539,4.7793,4.6975,4.7315,BRL
2022-06-01,4.7319,4.818,4.7218,4.8151,BRL
2022-06-02,4.8169,4.8169,4.7711,4.7962,BRL
2022-06-03,4.797,4.8321,4.7715,4.7734,BRL
2022-06-06,4.7765,4.8073,4.7468,4.7945,BRL
2022-06-07,4.7958,4.9352,4.7913,4.8696,BRL
2022-06-08,4.8712,4.9082,4.845,4.8988,BRL
2022-06-09,4.8998,4.9207,4.8648,4.9063,BRL
2022-06-10,4.9048,5.0124,4.8816,4.9865,BRL
2022-06-13,4.9891,5.1383,4.9891,5.1154,BRL
2022-06-14,5.1151,5.1518,5.0859,5.1168,BRL
2022-06-15,5.1178,5.1351,5.0176,5.0536,BRL
2022-06-16,5.0538,5.0551,5.0538,5.0535,BRL
2022-06-17,5.054,5.1561,5.054,5.1518,BRL
2022-06-20,5.1534,5.1944,5.1361,5.188,BRL
2022-06-21,5.1905,5.191,5.1167,5.1257,BRL
2022-06-22,5.1255,5.1962,5.1255,5.194,BRL
2022-06-23,5.1944,5.2477,5.1659,5.2406,BRL
2022-06-24,5.2393,5.2763,5.2027,5.2417,BRL
2022-06-27,5.2423,5.2755,5.2019,5.2366,BRL
2022-06-28,5.2387,5.2792,5.1876,5.2675,BRL
2022-06-29,5.268,5.2734,5.1755,5.1818,BRL
2022-06-30,5.1828,5.2715,5.1779,5.2562,BRL
2022-07-01,5.2569,5.3402,5.2527,5.331,BRL
2022-07-04,5.3308,5.3353,5.2871,5.3293,BRL
2022-07-05,5.3299,5.4043,5.3287,5.3861,BRL
2022-07-06,5.387,5.4628,5.387,5.4287,BRL
2022-07-07,5.4299,5.4303,5.3296,5.3391,BRL
2022-07-08,5.3399,5.3696,5.2501,5.2536,BRL
2022-07-11,5.2551,5.3864,5.2551,5.3782,BRL
2022-07-12,5.3786,5.4434,5.3695,5.4368,BRL
2022-07-13,5.4377,5.4667,5.361,5.3917,BRL
2022-07-14,5.393,5.4906,5.393,5.4233,BRL
2022-07-15,5.4239,5.4492,5.3744,5.4082,BRL
2022-07-18,5.4093,5.4392,5.3518,5.4375,BRL
2022-07-19,5.4381,5.4381,5.3646,5.4135,BRL
2022-07-20,5.4144,5.473,5.3889,5.4714,BRL
2022-07-21,5.472,5.5152,5.4289,5.4968,BRL
2022-07-22,5.4993,5.5047,5.4349,5.4968,BRL
2022-07-25,5.4987,5.501,5.3567,5.3576,BRL
2022-07-26,5.3576,5.3931,5.3346,5.3511,BRL
2022-07-27,5.3517,5.3526,5.2372,5.2432,BRL
2022-07-28,5.2442,5.274,5.1578,5.1823,BRL
2022-07-29,5.1842,5.2222,5.1448,5.1734,BRL
2022-08-01,5.1759,5.205,5.1269,5.1838,BRL
2022-08-02,5.1857,5.285,5.1857,5.2784,BRL
2022-08-03,5.2796,5.3163,5.243,5.2815,BRL
2022-08-04,5.2844,5.2959,5.1987,5.2164,BRL
2022-08-05,5.2145,5.2782,5.1553,5.1646,BRL
2022-08-08,5.1638,5.1638,5.1023,5.1117,BRL
2022-08-09,5.1129,5.1522,5.0926,5.1237,BRL
2022-08-10,5.125,5.1422,5.0342,5.0927,BRL
2022-08-11,5.0945,5.1712,5.0605,5.1581,BRL
2022-08-12,5.1592,5.1649,5.064,5.0735,BRL
2022-08-15,5.0721,5.1409,5.0721,5.0961,BRL
2022-08-16,5.0987,5.1549,5.0965,5.1459,BRL
2022-08-17,5.1469,5.2144,5.1452,5.1642,BRL
2022-08-18,5.1655,5.2075,5.1282,5.1674,BRL
2022-08-19,5.1694,5.2199,5.1648,5.1697,BRL
2022-08-22,5.1706,5.2046,5.1498,5.1574,BRL
2022-08-23,5.1577,5.1579,5.0701,5.1037,BRL
2022-08-24,5.105,5.1244,5.0802,5.1114,BRL
2022-08-25,5.1114,5.1437,5.0853,5.1099,BRL
2022-08-26,5.1103,5.1175,5.0541,5.0601,BRL
2022-08-29,5.0608,5.0917,5.01,5.0282,BRL
2022-08-30,5.0285,5.1259,5.0077,5.1223,BRL
2022-08-31,5.1229,5.2121,5.1229,5.1831,BRL
2022-09-01,5.1833,5.2577,5.1462,5.2416,BRL
2022-09-02,5.2422,5.2422,5.1575,5.1681,BRL
2022-09-05,5.166,5.1906,5.1495,5.1516,BRL
2022-09-06,5.1547,5.2539,5.1532,5.2528,BRL
2022-09-07,5.2507,5.2507,5.2483,5.248,BRL
2022-09-08,5.2483,5.2523,5.1783,5.2141,BRL
2022-09-09,5.2143,5.2146,5.1378,5.1462,BRL
2022-09-12,5.1477,5.1477,5.0833,5.093,BRL
2022-09-13,5.0918,5.2092,5.0766,5.1911,BRL
2022-09-14,5.1922,5.1986,5.1495,5.1631,BRL
2022-09-15,5.1644,5.2502,5.1641,5.247,BRL
2022-09-16,5.2462,5.3104,5.2462,5.2531,BRL
2022-09-19,5.2544,5.303,5.1421,5.167,BRL
2022-09-20,5.1705,5.224,5.1407,5.1417,BRL
2022-09-21,5.143,5.1941,5.1188,5.1716,BRL
2022-09-22,5.1728,5.186,5.1056,5.1166,BRL
2022-09-23,5.1173,5.2693,5.1164,5.2595,BRL
2022-09-26,5.2603,5.4175,5.2603,5.3898,BRL
2022-09-27,5.391,5.3954,5.2963,5.3824,BRL
2022-09-28,5.3814,5.4236,5.3226,5.3745,BRL
2022-09-29,5.3765,5.43,5.373,5.3964,BRL
2022-09-30,5.4013,5.4277,5.3282,5.4154,BRL
2022-10-03,5.4158,5.4158,5.1526,5.1672,BRL
2022-10-04,5.165,5.2219,5.1083,5.177,BRL
2022-10-05,5.1779,5.2443,5.1594,5.194,BRL
2022-10-06,5.1959,5.2334,5.1724,5.2217,BRL
2022-10-07,5.2215,5.2534,5.1938,5.1996,BRL
2022-10-10,5.1999,5.2174,5.1625,5.1901,BRL
2022-10-11,5.1899,5.3057,5.177,5.3005,BRL
2022-10-12,5.3034,5.3034,5.2932,5.293,BRL
2022-10-13,5.2725,5.3817,5.2288,5.2626,BRL
2022-10-14,5.263,5.3347,5.2407,5.3252,BRL
2022-10-17,5.3289,5.3308,5.2532,5.2808,BRL
2022-10-18,5.2833,5.2993,5.2336,5.2405,BRL
2022-10-19,5.2414,5.2998,5.2411,5.27,BRL
2022-10-20,5.2707,5.2716,5.1922,5.2147,BRL
2022-10-21,5.218,5.2774,5.1404,5.1605,BRL
2022-10-24,5.1649,5.3101,5.1648,5.3032,BRL
2022-10-25,5.3037,5.3581,5.2757,5.3167,BRL
2022-10-26,5.3166,5.3879,5.2797,5.3804,BRL
2022-10-27,5.3807,5.3927,5.2406,5.3449,BRL
2022-10-28,5.3451,5.3832,5.28,5.2949,BRL
2022-10-31,5.2962,5.4083,5.1531,5.1791,BRL
2022-11-01,5.1803,5.2069,5.083,5.1475,BRL
2022-11-02,5.1475,5.148,5.1437,5.1432,BRL
2022-11-03,5.1437,5.2244,5.083,5.1137,BRL
2022-11-04,5.117,5.117,5.0184,5.0557,BRL
2022-11-07,5.0571,5.1757,5.0461,5.1567,BRL
2022-11-08,5.1572,5.2488,5.1298,5.144,BRL
2022-11-09,5.1444,5.2014,5.1364,5.1864,BRL
2022-11-10,5.1869,5.4155,5.1869,5.3449,BRL
2022-11-11,5.3454,5.4066,5.2484,5.325,BRL
2022-11-14,5.3253,5.3527,5.2589,5.3321,BRL
2022-11-15,5.3333,5.3333,5.3328,5.3325,BRL
2022-11-16,5.333,5.4057,5.2868,5.3998,BRL
2022-11-17,5.4003,5.5307,5.3866,5.4231,BRL
2022-11-18,5.4236,5.4236,5.3253,5.3827,BRL
2022-11-21,5.3832,5.3836,5.2976,5.32,BRL
2022-11-22,5.3203,5.4005,5.2794,5.3586,BRL
2022-11-23,5.3591,5.4127,5.344,5.3591,BRL
2022-11-24,5.3596,5.3596,5.2991,5.3208,BRL
2022-11-25,5.3213,5.4251,5.304,5.4098,BRL
2022-11-28,5.408,5.4307,5.3478,5.3654,BRL
2022-11-29,5.3658,5.3658,5.2698,5.2695,BRL
2022-11-30,5.27,5.3189,5.1733,5.1851,BRL
2022-12-01,5.1856,5.2175,5.1628,5.1848,BRL
2022-12-02,5.1852,5.241,5.1616,5.2189,BRL
2022-12-05,5.217,5.2916,5.206,5.2809,BRL
2022-12-06,5.2811,5.2811,5.2183,5.2352,BRL
2022-12-07,5.2357,5.2782,5.1841,5.2048,BRL
2022-12-08,5.2053,5.253,5.1905,5.2253,BRL
2022-12-09,5.2258,5.284,5.2161,5.24,BRL
2022-12-12,5.2404,5.352,5.2309,5.3226,BRL
2022-12-13,5.3231,5.3358,5.2418,5.2938,BRL
2022-12-14,5.2941,5.373,5.2734,5.2787,BRL
2022-12-15,5.2792,5.3481,5.2792,5.313,BRL
2022-12-16,5.3133,5.3326,5.262,5.314,BRL
2022-12-19,5.3145,5.3404,5.2888,5.293,BRL
2022-12-20,5.2934,5.3257,5.1757,5.1996,BRL
2022-12-21,5.2001,5.2207,5.1586,5.2009,BRL
2022-12-22,5.2013,5.2243,5.1585,5.1665,BRL
2022-12-23,5.167,5.1789,5.116,5.1652,BRL
2022-12-26,5.1669,5.221,5.1545,5.2186,BRL
2022-12-27,5.2189,5.3028,5.194,5.2928,BRL
2022-12-28,5.2967,5.2967,5.226,5.2676,BRL
2022-12-29,5.2681,5.3049,5.1895,5.286,BRL
2022-12-30,5.286,5.286,5.286,5.286,BRL
2023-01-02,5.2865,5.3671,5.2861,5.3633,BRL
2023-01-03,5.3638,5.4802,5.3396,5.4797,BRL
2023-01-04,5.4799,5.4799,5.4248,5.4312,BRL
2023-01-05,5.4315,5.4315,5.3478,5.3509,BRL
2023-01-06,5.3514,5.3697,5.2186,5.2254,BRL
2023-01-09,5.2259,5.3094,5.2259,5.2546,BRL
2023-01-10,5.258,5.2768,5.1974,5.1997,BRL
2023-01-11,5.2,5.2345,5.1592,5.16,BRL
2023-01-12,5.1603,5.1858,5.0684,5.1082,BRL
2023-01-13,5.1087,5.1554,5.0776,5.0956,BRL
2023-01-16,5.0957,5.1624,5.0922,5.1474,BRL
2023-01-17,5.1512,5.1589,5.0957,5.1003,BRL
2023-01-18,5.1007,5.1901,5.0655,5.1863,BRL
2023-01-19,5.1868,5.2562,5.1631,5.1741,BRL
2023-01-20,5.1746,5.24,5.1639,5.2074,BRL
2023-01-23,5.2079,5.2207,5.1634,5.2076,BRL
2023-01-24,5.208,5.2207,5.1344,5.1392,BRL
2023-01-25,5.1397,5.15,5.0679,5.0734,BRL
2023-01-26,5.0736,5.12,5.0585,5.0658,BRL
2023-01-27,5.0663,5.1174,5.056,5.1089,BRL
2023-01-30,5.1065,5.1339,5.0827,5.1162,BRL
2023-01-31,5.1167,5.1418,5.0703,5.0731,BRL
2023-02-01,5.0736,5.113,5.0426,5.0547,BRL
2023-02-02,5.0552,5.0557,4.9401,5.0504,BRL
2023-02-03,5.0509,5.1589,5.0509,5.1522,BRL
2023-02-06,5.1525,5.2138,5.1407,5.1464,BRL
2023-02-07,5.1481,5.2184,5.1326,5.2101,BRL
2023-02-08,5.2106,5.2459,5.1659,5.2007,BRL
2023-02-09,5.2012,5.2934,5.1721,5.2911,BRL
2023-02-10,5.2916,5.3092,5.2091,5.2151,BRL
2023-02-13,5.2156,5.2278,5.157,5.1596,BRL
2023-02-14,5.16,5.2292,5.1281,5.1923,BRL
2023-02-15,5.1927,5.2406,5.1897,5.219,BRL
2023-02-16,5.2195,5.2603,5.1961,5.2178,BRL
2023-02-17,5.2181,5.2538,5.1496,5.1674,BRL
2023-02-20,5.1679,5.1679,5.1679,5.1674,BRL
2023-02-21,5.1679,5.168,5.1655,5.1675,BRL
2023-02-22,5.168,5.2133,5.1515,5.1522,BRL
2023-02-23,5.1527,5.1758,5.1093,5.1373,BRL
2023-02-24,5.1378,5.2144,5.135,5.21,BRL
2023-02-27,5.2071,5.2134,5.1706,5.2008,BRL
2023-02-28,5.2013,5.2519,5.1788,5.2367,BRL
2023-03-01,5.2369,5.2369,5.1747,5.1794,BRL
2023-03-02,5.1796,5.2288,5.1795,5.2006,BRL
2023-03-03,5.2011,5.2302,5.182,5.1956,BRL
2023-03-06,5.199,5.2179,5.1516,5.1534,BRL
2023-03-07,5.1539,5.2059,5.1522,5.191,BRL
2023-03-08,5.1913,5.1913,5.1003,5.1453,BRL
2023-03-09,5.1458,5.1706,5.1093,5.1645,BRL
2023-03-10,5.165,5.2216,5.1509,5.2166,BRL
2023-03-13,5.2171,5.2835,5.2106,5.2459,BRL
2023-03-14,5.2472,5.2629,5.2208,5.2543,BRL
2023-03-15,5.2539,5.3289,5.2505,5.2882,BRL
2023-03-16,5.2884,5.3117,5.2221,5.2285,BRL
2023-03-17,5.2297,5.2855,5.2294,5.2778,BRL
2023-03-20,5.2756,5.2853,5.2295,5.2368,BRL
2023-03-21,5.2371,5.2549,5.213,5.243,BRL
2023-03-22,5.2438,5.28,5.2042,5.2369,BRL
2023-03-23,5.2372,5.3016,5.2024,5.2973,BRL
2023-03-24,5.2976,5.3421,5.238,5.2463,BRL
2023-03-27,5.2466,5.2509,5.1926,5.1983,BRL
2023-03-28,5.1986,5.1993,5.1477,5.1655,BRL
2023-03-29,5.166,5.1846,5.1262,5.1356,BRL
2023-03-30,5.1367,5.161,5.0723,5.0938,BRL
2023-03-31,5.0947,5.1094,5.0547,5.0631,BRL
2023-04-03,5.0637,5.0834,5.0382,5.0632,BRL
2023-04-04,5.0643,5.1002,5.0493,5.0716,BRL
2023-04-05,5.0724,5.0778,5.0163,5.034,BRL
2023-04-06,5.0345,5.0837,5.0342,5.057,BRL
2023-04-07,5.0599,5.0599,5.0559,5.0549,BRL
2023-04-10,5.0559,5.0938,5.0368,5.0655,BRL
2023-04-11,5.0667,5.0675,4.9886,5.0054,BRL
2023-04-12,5.0077,5.0108,4.9155,4.9181,BRL
2023-04-13,4.919,4.9405,4.8927,4.9272,BRL
2023-04-14,4.9279,4.9653,4.8922,4.9096,BRL
2023-04-17,4.9102,4.9573,4.8988,4.9413,BRL
2023-04-18,4.9415,4.9974,4.9097,4.984,BRL
2023-04-19,4.9859,5.0895,4.9859,5.0753,BRL
2023-04-20,5.0759,5.0864,5.036,5.0486,BRL
2023-04-21,5.0493,5.0493,5.0489,5.0486,BRL
2023-04-24,5.0481,5.0863,5.0339,5.0337,BRL
2023-04-25,5.0348,5.0845,5.0294,5.0497,BRL
2023-04-26,5.0542,5.0746,5.0353,5.0435,BRL
2023-04-27,5.0445,5.049,4.9693,4.9771,BRL
2023-04-28,4.9776,5.02,4.9776,4.9865,BRL
2023-05-01,4.9875,4.9895,4.9875,4.9889,BRL
2023-05-02,4.9893,5.0535,4.9889,5.0387,BRL
2023-05-03,5.0398,5.0524,4.9812,4.9949,BRL
2023-05-04,4.9959,5.0346,4.9694,4.9822,BRL
2023-05-05,4.9847,5.008,4.925,4.9518,BRL
2023-05-08,4.9531,5.0186,4.941,5.0097,BRL
2023-05-09,5.0097,5.0374,4.9728,4.9862,BRL
2023-05-10,4.9882,4.9914,4.9345,4.9424,BRL
2023-05-11,4.9443,4.9847,4.9254,4.9295,BRL
2023-05-12,4.9308,4.9567,4.9079,4.9195,BRL
2023-05-15,4.9196,4.9335,4.8853,4.8904,BRL
2023-05-16,4.8893,4.9542,4.8847,4.9402,BRL
2023-05-17,4.9411,4.9714,4.9226,4.9396,BRL
2023-05-18,4.9401,4.9818,4.9391,4.9652,BRL
2023-05-19,4.9668,5.0033,4.9433,4.9981,BRL
2023-05-22,4.9983,5.0063,4.9528,4.9667,BRL
2023-05-23,4.9665,4.9952,4.9503,4.9714,BRL
2023-05-24,4.9717,4.9767,4.9349,4.9619,BRL
2023-05-25,4.9618,5.0448,4.9422,5.0356,BRL
2023-05-26,5.0375,5.0375,4.9774,4.9939,BRL
2023-05-29,4.9942,5.0209,4.9736,5.0171,BRL
2023-05-30,5.0174,5.07,4.999,5.0357,BRL
2023-05-31,5.0365,5.1279,5.0365,5.0574,BRL
2023-06-01,5.0553,5.0588,5.0044,5.014,BRL
2023-06-02,5.0148,5.0152,4.9453,4.9571,BRL
2023-06-05,4.9581,4.9765,4.9121,4.9289,BRL
2023-06-06,4.9292,4.9564,4.9004,4.9125,BRL
2023-06-07,4.9134,4.9325,4.8995,4.9235,BRL
2023-06-08,4.9235,4.9235,4.9235,4.9235,BRL
2023-06-09,4.9208,4.9276,4.8524,4.8791,BRL
2023-06-12,4.8794,4.9007,4.8611,4.8613,BRL
2023-06-13,4.8622,4.8799,4.8475,4.8622,BRL
2023-06-14,4.8627,4.8678,4.7962,4.8146,BRL
2023-06-15,4.8144,4.8446,4.7949,4.8102,BRL
2023-06-16,4.8112,4.8506,4.806,4.8199,BRL
2023-06-19,4.8202,4.832,4.7587,4.7772,BRL
2023-06-20,4.778,4.8086,4.7734,4.7902,BRL
2023-06-21,4.7907,4.817,4.7624,4.763,BRL
2023-06-22,4.7648,4.7884,4.7507,4.7689,BRL
2023-06-23,4.7719,4.8073,4.7653,4.7864,BRL
2023-06-26,4.7838,4.787,4.7579,4.7675,BRL
2023-06-27,4.765,4.8148,4.7505,4.8103,BRL
2023-06-28,4.8121,4.8717,4.8097,4.8506,BRL
2023-06-29,4.8516,4.875,4.8283,4.8553,BRL
2023-06-30,4.8559,4.8709,4.7828,4.786,BRL
2023-07-03,4.7885,4.8124,4.7592,4.8077,BRL
2023-07-04,4.8079,4.85,4.7828,4.8408,BRL
2023-07-05,4.8413,4.871,4.8348,4.8478,BRL
2023-07-06,4.846,4.9507,4.8412,4.9193,BRL
2023-07-07,4.9195,4.936,4.8474,4.872,BRL
2023-07-10,4.8696,4.9038,4.8535,4.8978,BRL
2023-07-11,4.8985,4.9235,4.852,4.8538,BRL
2023-07-12,4.8532,4.8616,4.7832,4.8184,BRL
2023-07-13,4.8201,4.8273,4.7858,4.7971,BRL
2023-07-14,4.7965,4.8154,4.7757,4.7894,BRL
2023-07-17,4.7896,4.8507,4.7896,4.8066,BRL
2023-07-18,4.8067,4.8281,4.7943,4.8105,BRL
2023-07-19,4.8108,4.8224,4.779,4.7909,BRL
2023-07-20,4.792,4.8123,4.7681,4.798,BRL
2023-07-21,4.8012,4.8257,4.7597,4.7795,BRL
2023-07-24,4.7797,4.784,4.7229,4.7271,BRL
2023-07-25,4.7274,4.7604,4.7159,4.7498,BRL
2023-07-26,4.7508,4.7561,4.722,4.7364,BRL
2023-07-27,4.738,4.7596,4.7081,4.7424,BRL
2023-07-28,4.7435,4.75,4.695,4.7336,BRL
2023-07-31,4.7304,4.7607,4.713,4.7241,BRL
2023-08-01,4.7295,4.8008,4.728,4.7911,BRL
2023-08-02,4.7935,4.8225,4.7807,4.812,BRL
2023-08-03,4.8126,4.9224,4.8123,4.917,BRL
2023-08-04,4.9185,4.9201,4.8453,4.8733,BRL
2023-08-07,4.8735,4.9152,4.8681,4.8999,BRL
2023-08-08,4.8985,4.9418,4.8895,4.8996,BRL
2023-08-09,4.9009,4.9166,4.8738,4.902,BRL
2023-08-10,4.9029,4.9057,4.84,4.8924,BRL
2023-08-11,4.893,4.9104,4.8608,4.9048,BRL
2023-08-14,4.9126,4.9716,4.9102,4.9615,BRL
2023-08-15,4.9636,4.9983,4.9588,4.9845,BRL
2023-08-16,4.9859,4.9931,4.9502,4.9879,BRL
2023-08-17,4.9883,4.997,4.9583,4.9758,BRL
2023-08-18,4.976,5.0024,4.9567,4.9694,BRL
2023-08-21,4.9684,4.9967,4.9563,4.9793,BRL
2023-08-22,4.9802,4.9805,4.9251,4.9386,BRL
2023-08-23,4.9367,4.9433,4.8457,4.8572,BRL
2023-08-24,4.8576,4.888,4.8545,4.8802,BRL
2023-08-25,4.8816,4.9014,4.856,4.8711,BRL
2023-08-28,4.8719,4.9121,4.863,4.8731,BRL
2023-08-29,4.8753,4.9027,4.8481,4.8523,BRL
2023-08-30,4.8536,4.8924,4.8424,4.889,BRL
2023-08-31,4.8876,4.9613,4.8639,4.9544,BRL
2023-09-01,4.9555,4.9558,4.8997,4.9463,BRL
2023-09-04,4.9485,4.949,4.9069,4.9376,BRL
2023-09-05,4.9376,4.9866,4.9376,4.9671,BRL
2023-09-06,4.968,4.9953,4.9536,4.9784,BRL
2023-09-07,4.9787,4.9787,4.9773,4.9767,BRL
2023-09-08,4.9787,4.9949,4.9636,4.9882,BRL
2023-09-11,4.9845,4.9867,4.9202,4.9307,BRL
2023-09-12,4.9307,4.969,4.9307,4.947,BRL
2023-09-13,4.9474,4.9683,4.8945,4.9153,BRL
2023-09-14,4.9167,4.9214,4.862,4.8668,BRL
2023-09-15,4.8682,4.8802,4.8584,4.8663,BRL
2023-09-18,4.8685,4.8784,4.8408,4.8556,BRL
2023-09-19,4.8553,4.8761,4.839,4.8673,BRL
2023-09-20,4.867,4.884,4.8422,4.8801,BRL
2023-09-21,4.8802,4.9396,4.8795,4.9351,BRL
2023-09-22,4.9367,4.9381,4.9033,4.9351,BRL
2023-09-25,4.932,4.9759,4.932,4.9678,BRL
2023-09-26,4.9684,4.9942,4.9519,4.9898,BRL
2023-09-27,4.9911,5.08,4.9864,5.0425,BRL
2023-09-28,5.0436,5.0702,5.014,5.0331,BRL
2023-09-29,5.0335,5.0406,4.9876,5.032,BRL
2023-10-02,5.0308,5.081,5.0308,5.061,BRL
2023-10-03,5.0637,5.1739,5.0637,5.1669,BRL
2023-10-04,5.1673,5.1789,5.1231,5.1562,BRL
2023-10-05,5.155,5.1884,5.1494,5.1658,BRL
2023-10-06,5.1668,5.221,5.1424,5.1457,BRL
2023-10-09,5.1615,5.182,5.121,5.1355,BRL
2023-10-10,5.1353,5.14,5.0471,5.0516,BRL
2023-10-11,5.0518,5.0714,5.028,5.0483,BRL
2023-10-12,5.0501,5.0501,5.0449,5.046,BRL
2023-10-13,5.0504,5.1031,5.0448,5.0801,BRL
2023-10-16,5.0532,5.0725,5.0315,5.0377,BRL
2023-10-17,5.039,5.0659,5.0093,5.0414,BRL
2023-10-18,5.0415,5.0762,5.0278,5.0591,BRL
2023-10-19,5.0598,5.0838,5.0188,5.0646,BRL
2023-10-20,5.0648,5.099,5.0246,5.0312,BRL
2023-10-23,5.0328,5.0545,4.9953,5.0112,BRL
2023-10-24,5.0142,5.0312,4.9892,4.9908,BRL
2023-10-25,4.9928,5.0201,4.9853,4.9947,BRL
2023-10-26,4.9963,5.0196,4.9861,4.9861,BRL
2023-10-27,4.9868,5.0202,4.9306,5.0152,BRL
2023-10-30,5.0143,5.0602,4.9717,5.0472,BRL
2023-10-31,5.0475,5.0717,5.0085,5.035,BRL
2023-11-01,5.0357,5.0457,4.9509,4.9534,BRL
2023-11-02,4.9534,4.9534,4.9534,4.9534,BRL
2023-11-03,4.9555,4.9555,4.8753,4.9012,BRL
2023-11-06,4.9031,4.912,4.8813,4.8853,BRL
2023-11-07,4.8815,4.908,4.8585,4.8724,BRL
2023-11-08,4.8736,4.9175,4.8706,4.9103,BRL
2023-11-09,4.9063,4.9476,4.8916,4.9342,BRL
2023-11-10,4.9341,4.9549,4.9018,4.9013,BRL
2023-11-13,4.9009,4.9427,4.9008,4.9075,BRL
2023-11-14,4.9079,4.9092,4.8472,4.8654,BRL
2023-11-15,4.8625,4.863,4.861,4.862,BRL
2023-11-16,4.8625,4.8876,4.8363,4.8632,BRL
2023-11-17,4.8636,4.9127,4.8509,4.9059,BRL
2023-11-20,4.9025,4.9064,4.8464,4.8543,BRL
2023-11-21,4.8576,4.9093,4.8425,4.9006,BRL
2023-11-22,4.905,4.9205,4.8775,4.9068,BRL
2023-11-23,4.9074,4.9093,4.8861,4.9039,BRL
2023-11-24,4.9076,4.9089,4.8826,4.902,BRL
2023-11-27,4.906,4.9222,4.8718,4.8964,BRL
2023-11-28,4.905,4.9099,4.8575,4.8705,BRL
2023-11-29,4.8711,4.9077,4.8639,4.9029,BRL
2023-11-30,4.906,4.9459,4.905,4.9205,BRL
2023-12-01,4.9265,4.9378,4.8675,4.8801,BRL
2023-12-04,4.878,4.9539,4.878,4.9432,BRL
2023-12-05,4.9449,4.968,4.9228,4.9306,BRL
2023-12-06,4.9302,4.931,4.8883,4.9022,BRL
2023-12-07,4.9026,4.9152,4.879,4.9115,BRL
2023-12-08,4.9083,4.9368,4.8941,4.9317,BRL
2023-12-11,4.9268,4.9601,4.926,4.9386,BRL
2023-12-12,4.9335,4.974,4.922,4.9631,BRL
2023-12-13,4.9663,4.9773,4.9145,4.9197,BRL
2023-12-14,4.8755,4.918,4.8749,4.9155,BRL
2023-12-15,4.9121,4.9517,4.904,4.9371,BRL
2023-12-18,4.9414,4.952,4.8903,4.8967,BRL
2023-12-19,4.9027,4.9038,4.8505,4.8675,BRL
2023-12-20,4.8642,4.9193,4.8566,4.9163,BRL
2023-12-21,4.9146,4.9146,4.8633,4.8844,BRL
2023-12-22,4.8865,4.8908,4.8481,4.8585,BRL
2023-12-25,4.8585,4.8585,4.8585,4.8585,BRL
2023-12-26,4.8513,4.8614,4.8135,4.814,BRL
2023-12-27,4.8107,4.8408,4.8018,4.8267,BRL
2023-12-28,4.8323,4.8714,4.8175,4.8521,BRL
2023-12-29,4.8521,4.8521,4.8521,4.8521,BRL
2024-01-01,4.8534,4.8534,4.8534,4.8526,BRL
2024-01-02,4.8533,4.924,4.8489,4.9235,BRL
2024-01-03,4.9174,4.9397,4.8991,4.9198,BRL
2024-01-04,4.9181,4.9366,4.8953,4.8968,BRL
2024-01-05,4.9089,4.9407,4.8597,4.8743,BRL
2024-01-08,4.8781,4.9014,4.863,4.87,BRL
2024-01-09,4.8737,4.9098,4.8703,4.9038,BRL
2024-01-10,4.9072,4.9072,4.8776,4.8909,BRL
2024-01-11,4.893,4.8951,4.858,4.87,BRL
2024-01-12,4.8712,4.8787,4.8309,4.8539,BRL
2024-01-15,4.8566,4.8868,4.8427,4.8628,BRL
2024-01-16,4.8615,4.9338,4.8614,4.9258,BRL
2024-01-17,4.9299,4.9547,4.9224,4.9349,BRL
2024-01-18,4.9349,4.9561,4.9127,4.9269,BRL
2024-01-19,4.9299,4.9396,4.902,4.931,BRL
2024-01-22,4.9338,4.9932,4.923,4.9892,BRL
2024-01-23,4.9885,5.0023,4.9479,4.9535,BRL
2024-01-24,4.9525,4.9538,4.9075,4.9335,BRL
2024-01-25,4.9306,4.9418,4.9066,4.9165,BRL
2024-01-26,4.9063,4.921,4.9018,4.9168,BRL
2024-01-29,4.9175,4.9585,4.9056,4.9518,BRL
2024-01-30,4.9433,4.9819,4.9332,4.9516,BRL
2024-01-31,4.9501,4.9668,4.925,4.9526,BRL
2024-02-01,4.9496,4.9697,4.91,4.9163,BRL
2024-02-02,4.9167,4.9764,4.9072,4.9699,BRL
2024-02-05,4.9663,5.0184,4.9661,4.9854,BRL
2024-02-06,4.9879,4.9891,4.9508,4.9634,BRL
2024-02-07,4.96,4.9749,4.9525,4.9685,BRL
2024-02-08,4.9717,5.0017,4.9676,4.992,BRL
2024-02-09,4.9903,4.9918,4.9497,4.9517,BRL
2024-02-12,4.9537,4.957,4.9535,4.9536,BRL
2024-02-13,4.9537,4.957,4.952,4.9536,BRL
2024-02-14,4.9537,4.9797,4.9535,4.969,BRL
2024-02-15,4.974,4.9833,4.9564,4.9732,BRL
2024-02-16,4.9737,4.9894,4.9594,4.9665,BRL
2024-02-19,4.9686,4.9713,4.9514,4.9564,BRL
2024-02-20,4.957,4.9654,4.9246,4.9275,BRL
2024-02-21,4.9278,4.9468,4.9194,4.9358,BRL
2024-02-22,4.9382,4.9659,4.9186,4.9605,BRL
2024-02-23,4.961,4.9978,4.9595,4.9951,BRL
2024-02-26,4.9943,4.9963,4.9703,4.9799,BRL
2024-02-27,4.9802,4.9839,4.9281,4.9335,BRL
2024-02-28,4.9338,4.9764,4.9316,4.9675,BRL
2024-02-29,4.9689,4.9993,4.9619,4.9716,BRL
2024-03-01,4.9708,4.975,4.9458,4.9541,BRL
2024-03-04,4.9545,4.9588,4.9404,4.9458,BRL
2024-03-05,4.9471,4.9622,4.9398,4.9581,BRL
2024-03-06,4.9586,4.9611,4.9328,4.9446,BRL
2024-03-07,4.9451,4.9473,4.9311,4.935,BRL
2024-03-08,4.9345,4.9923,4.9341,4.9806,BRL
2024-03-11,4.9835,5.0004,4.9598,4.9771,BRL
2024-03-12,4.978,4.9957,4.9581,4.9718,BRL
2024-03-13,4.972,4.9887,4.9621,4.97,BRL
2024-03-14,4.9705,4.9945,4.953,4.9895,BRL
2024-03-15,4.9897,5.0022,4.9812,4.9949,BRL
2024-03-18,4.996,5.0324,4.9834,5.0253,BRL
2024-03-19,5.0261,5.0557,5.01,5.0301,BRL
2024-03-20,5.0313,5.0354,4.9649,4.9691,BRL
2024-03-21,4.9688,4.9865,4.9504,4.9781,BRL
2024-03-22,4.9781,5.0099,4.9739,4.9997,BRL
2024-03-25,5.0023,5.0065,4.9718,4.9751,BRL
2024-03-26,4.9752,4.9942,4.9651,4.9808,BRL
2024-03-27,4.9816,4.9942,4.9716,4.9866,BRL
2024-03-28,4.9871,5.0184,4.9788,5.0129,BRL
2024-03-29,5.0155,5.0163,5.0139,5.0153,BRL
2024-04-01,5.0147,5.0708,5.0093,5.0543,BRL
2024-04-02,5.0551,5.0631,5.0216,5.0576,BRL
2024-04-03,5.0584,5.0921,5.0349,5.0393,BRL
2024-04-04,5.0392,5.0574,5.0043,5.0538,BRL
2024-04-05,5.0549,5.0746,5.028,5.0655,BRL
2024-04-08,5.0665,5.0759,5.0247,5.0268,BRL
2024-04-09,5.0281,5.031,4.9995,5.009,BRL
2024-04-10,5.0092,5.0863,4.997,5.0746,BRL
2024-04-11,5.0735,5.0931,5.058,5.0917,BRL
2024-04-12,5.0922,5.1487,5.089,5.1175,BRL
2024-04-15,5.1149,5.2153,5.1031,5.1846,BRL
2024-04-16,5.1851,5.2873,5.1817,5.2826,BRL
2024-04-17,5.2829,5.2916,5.2194,5.242,BRL
2024-04-18,5.2421,5.2789,5.2284,5.2482,BRL
2024-04-19,5.2485,5.2778,5.1849,5.2027,BRL
2024-04-22,5.2021,5.2189,5.1633,5.168,BRL
2024-04-23,5.1674,5.1894,5.1182,5.126,BRL
2024-04-24,5.1263,5.172,5.1238,5.1457,BRL
2024-04-25,5.1472,5.1935,5.1099,5.1602,BRL
2024-04-26,5.1615,5.1673,5.1085,5.1151,BRL
2024-04-29,5.117,5.1227,5.102,5.1189,BRL
2024-04-30,5.119,5.1975,5.1133,5.1934,BRL
2024-05-01,5.194,5.1999,5.1929,5.1936,BRL
2024-05-02,5.194,5.194,5.0995,5.1113,BRL
2024-05-03,5.111,5.1164,5.0437,5.0722,BRL
2024-05-06,5.0725,5.0917,5.0602,5.0758,BRL
2024-05-07,5.077,5.0847,5.0484,5.0707,BRL
2024-05-08,5.0712,5.1083,5.0688,5.0909,BRL
2024-05-09,5.0914,5.1775,5.0875,5.1412,BRL
2024-05-10,5.1424,5.1614,5.1165,5.1584,BRL
2024-05-13,5.1588,5.1649,5.123,5.1511,BRL
2024-05-14,5.1511,5.1614,5.1234,5.1299,BRL
2024-05-15,5.1302,5.1711,5.1204,5.1373,BRL
2024-05-16,5.1373,5.14,5.1047,5.1288,BRL
2024-05-17,5.1288,5.1385,5.1003,5.1031,BRL
2024-05-20,5.1035,5.1293,5.0903,5.1033,BRL
2024-05-21,5.104,5.1254,5.0838,5.1225,BRL
2024-05-22,5.1228,5.1643,5.1219,5.1503,BRL
2024-05-23,5.1511,5.1607,5.1255,5.1442,BRL
2024-05-24,5.1446,5.1767,5.1302,5.166,BRL
2024-05-27,5.1713,5.1852,5.1557,5.1708,BRL
2024-05-28,5.1715,5.1738,5.1349,5.1611,BRL
2024-05-29,5.1615,5.2141,5.1573,5.2018,BRL
2024-05-30,5.2038,5.2038,5.2036,5.2034,BRL
2024-05-31,5.1997,5.2587,5.193,5.2443,BRL
2024-06-03,5.2459,5.2677,5.2137,5.2467,BRL
2024-06-04,5.2477,5.2969,5.2452,5.2861,BRL
2024-06-05,5.2868,5.3061,5.2597,5.2964,BRL
2024-06-06,5.297,5.3092,5.2401,5.256,BRL
2024-06-07,5.2559,5.3489,5.2408,5.3448,BRL
2024-06-10,5.3349,5.3894,5.315,5.3547,BRL
2024-06-11,5.3548,5.3738,5.3351,5.3662,BRL
2024-06-12,5.3681,5.43,5.3362,5.4123,BRL
2024-06-13,5.4141,5.4164,5.3619,5.3636,BRL
2024-06-14,5.364,5.3875,5.3432,5.3757,BRL
2024-06-17,5.3763,5.4314,5.3717,5.4195,BRL
2024-06-18,5.4194,5.4446,5.3924,5.4359,BRL
2024-06-19,5.4361,5.4832,5.4269,5.4362,BRL
2024-06-20,5.4367,5.4697,5.387,5.4483,BRL
2024-06-21,5.4488,5.4623,5.4228,5.4302,BRL
2024-06-24,5.4302,5.4374,5.3759,5.3928,BRL
2024-06-25,5.394,5.4566,5.3894,5.4509,BRL
2024-06-26,5.4511,5.527,5.4504,5.5194,BRL
2024-06-27,5.5195,5.5392,5.483,5.5019,BRL
2024-06-28,5.5024,5.5995,5.484,5.5925,BRL
2024-07-01,5.5921,5.6645,5.5664,5.6603,BRL
2024-07-02,5.6613,5.7017,5.6279,5.6777,BRL
2024-07-03,5.6784,5.68,5.5402,5.5563,BRL
2024-07-04,5.5575,5.5595,5.4655,5.4887,BRL
2024-07-05,5.4909,5.5347,5.456,5.4592,BRL
2024-07-08,5.46,5.4952,5.4562,5.4699,BRL
2024-07-09,5.47,5.4781,5.4102,5.4222,BRL
2024-07-10,5.4223,5.4268,5.3713,5.4144,BRL
2024-07-11,5.4148,5.4539,5.37,5.4381,BRL
2024-07-12,5.4399,5.4661,5.4145,5.4285,BRL
2024-07-15,5.4292,5.4773,5.4292,5.4448,BRL
2024-07-16,5.4463,5.4632,5.4053,5.4286,BRL
2024-07-17,5.4286,5.4882,5.4248,5.4821,BRL
2024-07-18,5.4813,5.5901,5.4798,5.546,BRL
2024-07-19,5.5476,5.6093,5.521,5.5952,BRL
2024-07-22,5.5916,5.6104,5.5353,5.5779,BRL
2024-07-23,5.5789,5.6073,5.5582,5.5846,BRL
2024-07-24,5.587,5.6627,5.5855,5.6536,BRL
2024-07-25,5.6543,5.6901,5.6182,5.6442,BRL
2024-07-26,5.6448,5.6725,5.6178,5.6557,BRL
2024-07-29,5.6665,5.6693,5.6128,5.6159,BRL
2024-07-30,5.6165,5.6636,5.6107,5.6121,BRL
2024-07-31,5.6125,5.6846,5.608,5.65,BRL
2024-08-01,5.6511,5.7536,5.6326,5.7483,BRL
2024-08-02,5.7488,5.7944,5.6985,5.7273,BRL
2024-08-05,5.731,5.8657,5.7127,5.7238,BRL
2024-08-06,5.724,5.7262,5.6309,5.6623,BRL
2024-08-07,5.6625,5.6631,5.5971,5.6341,BRL
2024-08-08,5.6351,5.6554,5.544,5.5493,BRL
2024-08-09,5.5493,5.5545,5.4912,5.5064,BRL
2024-08-12,5.5078,5.5236,5.472,5.4974,BRL
2024-08-13,5.5003,5.5033,5.4471,5.4538,BRL
2024-08-14,5.4553,5.4876,5.4286,5.473,BRL
2024-08-15,5.4744,5.4949,5.4493,5.4827,BRL
2024-08-16,5.483,5.4878,5.4365,5.4753,BRL
2024-08-19,5.4721,5.4738,5.3762,5.4121,BRL
2024-08-20,5.4124,5.493,5.4052,5.478,BRL
2024-08-21,5.4774,5.5109,5.458,5.4858,BRL
2024-08-22,5.4863,5.5964,5.4715,5.5834,BRL
2024-08-23,5.5856,5.6061,5.4738,5.4863,BRL
2024-08-26,5.4868,5.5139,5.4719,5.495,BRL
2024-08-27,5.4964,5.5196,5.4756,5.5082,BRL
2024-08-28,5.5106,5.5706,5.5054,5.5644,BRL
2024-08-29,5.5656,5.6631,5.5528,5.6266,BRL
2024-08-30,5.6279,5.6933,5.5742,5.6103,BRL
2024-09-02,5.6463,5.6605,5.6036,5.6177,BRL
2024-09-03,5.6166,5.6534,5.5757,5.6454,BRL
2024-09-04,5.6459,5.662,5.6154,5.6399,BRL
2024-09-05,5.6404,5.6494,5.5694,5.5741,BRL
2024-09-06,5.5749,5.6022,5.5286,5.599,BRL
2024-09-09,5.5992,5.641,5.5747,5.5842,BRL
2024-09-10,5.5837,5.6723,5.5682,5.6582,BRL
2024-09-11,5.6608,5.6744,5.6062,5.6618,BRL
2024-09-12,5.6633,5.6769,5.6143,5.6276,BRL
2024-09-13,5.6284,5.6308,5.5437,5.564,BRL
2024-09-16,5.5677,5.5818,5.4973,5.51,BRL
2024-09-17,5.5108,5.5161,5.4781,5.4825,BRL
2024-09-18,5.4833,5.4965,5.4093,5.4612,BRL
2024-09-19,5.4616,5.4665,5.3938,5.4263,BRL
2024-09-20,5.4265,5.5247,5.4153,5.5103,BRL
2024-09-23,5.5104,5.6005,5.5104,5.5364,BRL
2024-09-24,5.5374,5.5422,5.446,5.4547,BRL
2024-09-25,5.4556,5.4974,5.4397,5.4774,BRL
2024-09-26,5.4749,5.4781,5.4045,5.4375,BRL
2024-09-27,5.4399,5.4583,5.4266,5.4329,BRL
2024-09-30,5.4347,5.474,5.4025,5.4482,BRL
2024-10-01,5.45,5.4788,5.4296,5.4368,BRL
2024-10-02,5.4377,5.4608,5.4037,5.4407,BRL
2024-10-03,5.4417,5.5116,5.4385,5.4759,BRL
2024-10-04,5.4778,5.5199,5.4513,5.4555,BRL
2024-10-07,5.4557,5.4927,5.42,5.49,BRL
2024-10-08,5.4918,5.5395,5.4897,5.5349,BRL
2024-10-09,5.535,5.5995,5.5306,5.5941,BRL
2024-10-10,5.5943,5.605,5.5665,5.5821,BRL
2024-10-11,5.5831,5.6537,5.5572,5.6126,BRL
2024-10-14,5.6121,5.6522,5.5643,5.5928,BRL
2024-10-15,5.5952,5.6656,5.5797,5.6502,BRL
2024-10-16,5.6507,5.7007,5.6297,5.6652,BRL
2024-10-17,5.6652,5.6896,5.6519,5.6546,BRL
2024-10-18,5.6554,5.7031,5.6289,5.6912,BRL
2024-10-21,5.6898,5.7354,5.6867,5.6939,BRL
2024-10-22,5.6943,5.7182,5.6743,5.6894,BRL
2024-10-23,5.6904,5.7326,5.6848,5.6884,BRL
2024-10-24,5.6909,5.7205,5.6606,5.6643,BRL
2024-10-25,5.6662,5.7137,5.6617,5.7073,BRL
2024-10-28,5.7076,5.7206,5.6855,5.7096,BRL
2024-10-29,5.7103,5.7673,5.6974,5.7604,BRL
2024-10-30,5.761,5.7928,5.7545,5.763,BRL
2024-10-31,5.7624,5.7949,5.7534,5.7867,BRL
2024-11-01,5.7885,5.8754,5.762,5.8681,BRL
2024-11-04,5.8681,5.8697,5.7558,5.7916,BRL
2024-11-05,5.7699,5.8054,5.7393,5.7508,BRL
2024-11-06,5.7512,5.8625,5.6644,5.6793,BRL
2024-11-07,5.6774,5.7239,5.6336,5.6923,BRL
2024-11-08,5.6926,5.791,5.6912,5.7376,BRL
2024-11-11,5.7756,5.8167,5.7505,5.7559,BRL
2024-11-12,5.7546,5.799,5.7463,5.749,BRL
2024-11-13,5.7482,5.8183,5.7218,5.8061,BRL
2024-11-14,5.8032,5.8296,5.7602,5.789,BRL
2024-11-15,5.7956,5.7964,5.795,5.7947,BRL
2024-11-18,5.7951,5.8003,5.7351,5.7473,BRL
2024-11-19,5.7469,5.7978,5.745,5.7694,BRL
2024-11-20,5.7731,5.7759,5.7727,5.7725,BRL
2024-11-21,5.7759,5.8337,5.7755,5.8144,BRL
2024-11-22,5.8142,5.8326,5.7879,5.801,BRL
2024-11-25,5.7867,5.8212,5.7755,5.7983,BRL
2024-11-26,5.8113,5.8335,5.7804,5.8095,BRL
2024-11-27,5.8122,5.9401,5.8033,5.9377,BRL
2024-11-28,5.971,6.023,5.9458,6.0142,BRL
2024-11-29,6.0037,6.1159,5.9557,5.973,BRL
2024-12-02,6.0002,6.0914,6.0002,6.058,BRL
2024-12-03,6.0584,6.0957,6.0285,6.044,BRL
2024-12-04,6.0413,6.0738,6.0198,6.0409,BRL
2024-12-05,6.0381,6.0384,5.9598,6.0113,BRL
2024-12-06,6.0116,6.0952,5.9836,6.0894,BRL
2024-12-09,6.0897,6.0904,6.0369,6.0788,BRL
2024-12-10,6.0793,6.0835,6.017,6.045,BRL
2024-12-11,6.0456,6.0733,5.9405,5.9543,BRL
2024-12-12,5.9549,6.0494,5.8664,5.9915,BRL
2024-12-13,5.9976,6.0778,5.974,6.0419,BRL
2024-12-16,6.0464,6.15,6.0246,6.1479,BRL
2024-12-17,6.1463,6.2097,6.058,6.1048,BRL
2024-12-18,6.0981,6.3144,6.0937,6.2896,BRL
2024-12-19,6.2446,6.3007,6.1051,6.1525,BRL
2024-12-20,6.1443,6.1493,6.0435,6.0853,BRL
2024-12-23,6.0799,6.202,6.0799,6.1939,BRL
2024-12-24,6.1919,6.1937,6.1913,6.1906,BRL
2024-12-25,6.1906,6.1906,6.1906,6.1906,BRL
2024-12-26,6.1602,6.1982,6.1462,6.1828,BRL
2024-12-27,6.1834,6.2159,6.1693,6.1964,BRL
2024-12-30,6.203,6.2428,6.1518,6.1778,BRL
2024-12-31,6.1778,6.1778,6.1778,6.1778,BRL
2025-01-01,6.1847,6.1847,6.1847,6.184,BRL
2025-01-02,6.1847,6.2284,6.1446,6.1519,BRL
2025-01-03,6.1522,6.2011,6.1357,6.1798,BRL
2025-01-06,6.1817,6.182,6.092,6.1152,BRL
2025-01-07,6.1156,6.1189,6.0535,6.101,BRL
2025-01-08,6.1013,6.1565,6.1013,6.1055,BRL
2025-01-09,6.1058,6.1223,6.0319,6.0364,BRL
2025-01-10,6.0365,6.1235,6.0299,6.1053,BRL
2025-01-13,6.11,6.1358,6.0748,6.0944,BRL
2025-01-14,6.0979,6.0979,6.0406,6.0559,BRL
2025-01-15,6.056,6.0701,6.0043,6.0098,BRL
2025-01-16,6.0104,6.0708,5.9935,6.0499,BRL
2025-01-17,6.0551,6.0905,6.0266,6.0704,BRL
2025-01-20,6.0691,6.0862,6.0268,6.0315,BRL
2025-01-21,6.0319,6.068,6.0168,6.022,BRL
2025-01-22,6.0222,6.0273,5.9155,5.9415,BRL
2025-01-23,5.9423,5.9706,5.8733,5.9243,BRL
2025-01-24,5.9247,5.925,5.8674,5.9109,BRL
2025-01-27,5.9447,5.956,5.8926,5.8926,BRL
2025-01-28,5.8953,5.9205,5.8557,5.8571,BRL
2025-01-29,5.8633,5.8892,5.842,5.8563,BRL
2025-01-30,5.8706,5.9332,5.8473,5.874,BRL
2025-01-31,5.8735,5.8735,5.8106,5.841,BRL
2025-02-03,5.8404,5.9052,5.7951,5.8066,BRL
2025-02-04,5.8008,5.8271,5.7527,5.754,BRL
2025-02-05,5.7586,5.8179,5.7491,5.7973,BRL
2025-02-06,5.8044,5.8246,5.7485,5.7617,BRL
2025-02-07,5.7622,5.8131,5.7349,5.8058,BRL
2025-02-10,5.8095,5.8243,5.7638,5.7874,BRL
2025-02-11,5.7877,5.8078,5.7571,5.7635,BRL
2025-02-12,5.7653,5.7878,5.7429,5.7649,BRL
2025-02-13,5.7642,5.7997,5.7548,5.7669,BRL
2025-02-14,5.7673,5.7707,5.6928,5.7042,BRL
2025-02-17,5.7033,5.7237,5.695,5.713,BRL
2025-02-18,5.7102,5.7253,5.6752,5.6892,BRL
2025-02-19,5.693,5.7329,5.6825,5.7214,BRL
2025-02-20,5.7218,5.7218,5.6861,5.7029,BRL
2025-02-21,5.7027,5.7368,5.6936,5.732,BRL
2025-02-24,5.7302,5.7825,5.7068,5.7785,BRL
2025-02-25,5.7708,5.8137,5.7386,5.7396,BRL
2025-02-26,5.742,5.8188,5.7333,5.8035,BRL
2025-02-27,5.817,5.8413,5.7957,5.8401,BRL
2025-02-28,5.8351,5.9184,5.8227,5.8852,BRL
2025-03-03,5.8852,5.8852,5.8852,5.8852,BRL
2025-03-04,5.8852,5.8852,5.8852,5.8852,BRL
2025-03-05,5.8854,5.8854,5.7387,5.7394,BRL
2025-03-06,5.74,5.781,5.7323,5.7639,BRL
2025-03-07,5.7646,5.8005,5.7511,5.7874,BRL
2025-03-10,5.7912,5.8732,5.7722,5.8555,BRL
2025-03-11,5.8573,5.8574,5.8031,5.8103,BRL
2025-03-12,5.8109,5.8476,5.7853,5.7978,BRL
2025-03-13,5.7993,5.8365,5.7912,5.799,BRL
2025-03-14,5.8002,5.8096,5.7094,5.7385,BRL
2025-03-17,5.741,5.7421,5.6657,5.6835,BRL
2025-03-18,5.6836,5.7145,5.6556,5.6705,BRL
2025-03-19,5.6713,5.6914,5.632,5.6485,BRL
2025-03-20,5.6499,5.6816,5.6452,5.6797,BRL
2025-03-21,5.6804,5.7347,5.6754,5.7291,BRL
2025-03-24,5.7291,5.7726,5.7021,5.7646,BRL
2025-03-25,5.7652,5.7661,5.6773,5.6989,BRL
2025-03-26,5.6998,5.7483,5.6933,5.7359,BRL
2025-03-27,5.7362,5.7715,5.722,5.7452,BRL
2025-03-28,5.746,5.7825,5.739,5.7604,BRL
2025-03-31,5.7585,5.7861,5.7007,5.7047,BRL
2025-04-01,5.7052,5.7334,5.6729,5.6815,BRL
2025-04-02,5.6818,5.7148,5.6487,5.6607,BRL
2025-04-03,5.6635,5.6657,5.5929,5.629,BRL
2025-04-04,5.6286,5.8541,5.6271,5.8425,BRL
2025-04-07,5.8441,5.9325,5.8156,5.9139,BRL
2025-04-08,5.9143,6.0199,5.8597,6.0109,BRL
2025-04-09,6.0116,6.0966,5.8218,5.8215,BRL
2025-04-10,5.8219,5.9556,5.8177,5.8856,BRL
2025-04-11,5.8855,5.92,5.8168,5.8648,BRL
2025-04-14,5.8658,5.8753,5.8279,5.8551,BRL
2025-04-15,5.853,5.9044,5.833,5.8859,BRL
2025-04-16,5.8868,5.916,5.852,5.8664,BRL
2025-04-17,5.8667,5.8887,5.7964,5.8063,BRL
2025-04-18,5.8073,5.8119,5.8066,5.8067,BRL
2025-04-21,5.8073,5.8073,5.807,5.8067,BRL
2025-04-22,5.807,5.8073,5.718,5.7255,BRL
2025-04-23,5.7251,5.7286,5.6558,5.7096,BRL
2025-04-24,5.7068,5.7114,5.6622,5.6833,BRL
2025-04-25,5.6823,5.7077,5.6641,5.6841,BRL
2025-04-28,5.6872,5.7005,5.646,5.6546,BRL
2025-04-29,5.6544,5.6633,5.6191,5.621,BRL
2025-04-30,5.62,5.6871,5.6031,5.6748,BRL
2025-05-01,5.6734,5.6734,5.6734,5.6734,BRL
2025-05-02,5.6709,5.6739,5.6259,5.6579,BRL
2025-05-05,5.6553,5.6905,5.6286,5.6886,BRL
2025-05-06,5.6879,5.7384,5.6865,5.7135,BRL
2025-05-07,5.7142,5.7644,5.6962,5.7459,BRL
2025-05-08,5.7454,5.7489,5.6597,5.6615,BRL
2025-05-09,5.662,5.6806,5.6376,5.6556,BRL
2025-05-12,5.65,5.7065,5.6498,5.6752,BRL
2025-05-13,5.6749,5.6758,5.595,5.6085,BRL
2025-05-14,5.6088,5.639,5.5824,5.6384,BRL
2025-05-15,5.6378,5.6977,5.6136,5.6821,BRL
2025-05-16,5.6821,5.714,5.661,5.6633,BRL
2025-05-19,5.6638,5.6911,5.6315,5.6516,BRL
2025-05-20,5.6516,5.6835,5.6412,5.6682,BRL
2025-05-21,5.668,5.6785,5.6402,5.6458,BRL
2025-05-22,5.6455,5.7167,5.5946,5.716,BRL
2025-05-23,5.7163,5.7459,5.6432,5.6468,BRL
2025-05-26,5.6467,5.6787,5.6352,5.6693,BRL
2025-05-27,5.6691,5.6747,5.6354,5.6424,BRL
2025-05-28,5.6417,5.7182,5.6374,5.689,BRL
2025-05-29,5.6897,5.7036,5.6421,5.6666,BRL
2025-05-30,5.6666,5.741,5.6495,5.7227,BRL
2025-06-02,5.7236,5.7236,5.6663,5.6734,BRL
2025-06-03,5.674,5.7107,5.6247,5.6393,BRL
2025-06-04,5.6389,5.6531,5.6087,5.6368,BRL
2025-06-05,5.6366,5.6381,5.5775,5.5893,BRL
2025-06-06,5.589,5.6183,5.5581,5.5594,BRL
2025-06-09,5.5629,5.5992,5.5506,5.5588,BRL
2025-06-10,5.5587,5.5777,5.5384,5.5744,BRL
2025-06-11,5.5744,5.5814,5.5218,5.5364,BRL
2025-06-12,5.5369,5.5596,5.5245,5.5375,BRL
2025-06-13,5.5375,5.594,5.5305,5.5439,BRL
2025-06-16,5.5437,5.5437,5.4852,5.492,BRL
2025-06-17,5.492,5.5076,5.4656,5.4997,BRL
2025-06-18,5.4995,5.5116,5.475,5.4917,BRL
2025-06-19,5.4915,5.4932,5.487,5.4916,BRL
2025-06-20,5.4916,5.5277,5.468,5.5132,BRL
2025-06-23,5.5131,5.5437,5.4941,5.4965,BRL
2025-06-24,5.4957,5.5238,5.4752,5.5113,BRL
2025-06-25,5.5109,5.574,5.5065,5.5637,BRL
2025-06-26,5.5639,5.5646,5.4882,5.489,BRL
2025-06-27,5.488,5.5045,5.4587,5.4856,BRL
2025-06-30,5.4846,5.5073,5.4234,5.4326,BRL
2025-07-01,5.4321,5.4703,5.4183,5.4588,BRL
2025-07-02,5.4585,5.4985,5.4151,5.424,BRL
2025-07-03,5.4244,5.4475,5.4026,5.409,BRL
2025-07-04,5.4092,5.4266,5.4022,5.4212,BRL
2025-07-07,5.4211,5.4891,5.421,5.488,BRL
2025-07-08,5.4884,5.4918,5.4353,5.4474,BRL
2025-07-09,5.4471,5.6057,5.4451,5.5766,BRL
2025-07-10,5.5771,5.6285,5.5243,5.5321,BRL
2025-07-11,5.5319,5.5925,5.5294,5.5589,BRL
2025-07-14,5.5598,5.5937,5.544,5.5893,BRL
2025-07-15,5.5896,5.6049,5.5345,5.5571,BRL
2025-07-16,5.5571,5.5952,5.5409,5.569,BRL
2025-07-17,5.5689,5.6103,5.537,5.5449,BRL
2025-07-18,5.5475,5.5984,5.5228,5.579,BRL
2025-07-21,5.5795,5.6115,5.5503,5.5671,BRL
2025-07-22,5.5674,5.5908,5.5514,5.5657,BRL
2025-07-23,5.5653,5.5781,5.5147,5.5212,BRL
2025-07-24,5.5214,5.5398,5.5115,5.5215,BRL
2025-07-25,5.5213,5.574,5.5183,5.5633,BRL
2025-07-28,5.5642,5.6063,5.5642,5.5888,BRL
2025-07-29,5.5893,5.6067,5.5588,5.5747,BRL
2025-07-30,5.5744,5.6307,5.5438,5.5695,BRL
2025-07-31,5.5695,5.6248,5.5213,5.6015,BRL
2025-08-01,5.6003,5.6286,5.5252,5.542,BRL
2025-08-04,5.5421,5.5439,5.4952,5.4988,BRL
2025-08-05,5.4984,5.5356,5.4969,5.5075,BRL
2025-08-06,5.5081,5.5116,5.458,5.4632,BRL
2025-08-07,5.4643,5.4765,5.4158,5.4236,BRL
2025-08-08,5.4236,5.443,5.4131,5.434,BRL
2025-08-11,5.4338,5.4597,5.4318,5.4424,BRL
2025-08-12,5.4428,5.4461,5.3848,5.3895,BRL
2025-08-13,5.389,5.4114,5.38,5.3991,BRL
2025-08-14,5.399,5.432,5.3895,5.416,BRL
2025-08-15,5.416,5.4165,5.3845,5.4009,BRL
2025-08-18,5.4009,5.4407,5.398,5.4368,BRL
2025-08-19,5.4372,5.5083,5.4309,5.504,BRL
2025-08-20,5.5036,5.5061,5.462,5.4829,BRL
2025-08-21,5.4831,5.4961,5.4662,5.471,BRL
2025-08-22,5.475,5.4778,5.4078,5.4227,BRL
2025-08-25,5.4234,5.4365,5.4014,5.4121,BRL
2025-08-26,5.4121,5.4501,5.3987,5.4311,BRL
2025-08-27,5.4311,5.4584,5.4147,5.4178,BRL
2025-08-28,5.4188,5.4317,5.3947,5.4129,BRL
2025-08-29,5.4134,5.443,5.4113,5.4304,BRL
2025-09-01,5.4237,5.4499,5.415,5.4403,BRL
2025-09-02,5.4399,5.5017,5.4383,5.465,BRL
2025-09-03,5.4649,5.472,5.434,5.4516,BRL
2025-09-04,5.4519,5.4723,5.4415,5.4462,BRL
2025-09-05,5.4473,5.4499,5.382,5.4134,BRL
2025-09-08,5.413,5.4487,5.4003,5.4196,BRL
2025-09-09,5.4196,5.4435,5.4135,5.4398,BRL
2025-09-10,5.4392,5.4409,5.3987,5.4087,BRL
2025-09-11,5.408,5.4241,5.3736,5.3903,BRL
2025-09-12,5.3896,5.405,5.3439,5.3549,BRL
2025-09-15,5.352,5.3581,5.3087,5.3168,BRL
2025-09-16,5.3173,5.3224,5.2913,5.2972,BRL
2025-09-17,5.2968,5.3137,5.2753,5.3059,BRL
2025-09-18,5.3058,5.3195,5.2695,5.3138,BRL
2025-09-19,5.3126,5.3398,5.3043,5.3238,BRL
2025-09-22,5.3241,5.3666,5.3202,5.3353,BRL
2025-09-23,5.3355,5.3467,5.2767,5.2829,BRL
2025-09-24,5.2825,5.334,5.2768,5.333,BRL
2025-09-25,5.3327,5.3713,5.3088,5.3639,BRL
2025-09-26,5.3637,5.3675,5.3354,5.3431,BRL
2025-09-29,5.3448,5.3469,5.3044,5.3221,BRL
2025-09-30,5.3216,5.3345,5.3042,5.3229,BRL
2025-10-01,5.3233,5.3367,5.2935,5.3294,BRL
2025-10-02,5.3297,5.3732,5.3071,5.3386,BRL
2025-10-03,5.3405,5.362,5.3243,5.3375,BRL
2025-10-06,5.3374,5.3503,5.308,5.3132,BRL
2025-10-07,5.3135,5.3566,5.3108,5.3511,BRL
2025-10-08,5.351,5.364,5.3293,5.3431,BRL
2025-10-09,5.3431,5.3801,5.3237,5.3685,BRL
2025-10-10,5.3693,5.5229,5.3599,5.522,BRL
2025-10-13,5.5209,5.5209,5.4412,5.4655,BRL
2025-10-14,5.466,5.5198,5.4552,5.4822,BRL
2025-10-15,5.4829,5.4847,5.4315,5.4552,BRL
2025-10-16,5.4549,5.4593,5.42,5.446,BRL
2025-10-17,5.446,5.4605,5.4025,5.4085,BRL
2025-10-20,5.4044,5.412,5.3664,5.3748,BRL
2025-10-21,5.3746,5.4056,5.3698,5.3881,BRL
2025-10-22,5.3884,5.4138,5.3759,5.4004,BRL
2025-10-23,5.4034,5.404,5.3779,5.3828,BRL
2025-10-24,5.3825,5.3987,5.3606,5.3896,BRL
2025-10-27,5.3904,5.3928,5.3584,5.3733,BRL
2025-10-28,5.3747,5.3887,5.3529,5.3584,BRL
2025-10-29,5.3585,5.3677,5.3342,5.361,BRL
2025-10-30,5.3587,5.3959,5.3547,5.3812,BRL
2025-10-31,5.3815,5.4,5.3706,5.3744,BRL
2025-11-03,5.3756,5.3829,5.3447,5.3572,BRL
2025-11-04,5.3572,5.4021,5.3563,5.3976,BRL
2025-11-05,5.3976,5.405,5.3533,5.3599,BRL
2025-11-06,5.3599,5.3643,5.3307,5.3502,BRL
2025-11-07,5.3502,5.3668,5.3314,5.3324,BRL
2025-11-10,5.334,5.334,5.2877,5.2912,BRL
2025-11-11,5.2913,5.2992,5.2633,5.2722,BRL
2025-11-12,5.2722,5.3032,5.2652,5.293,BRL
2025-11-13,5.293,5.3061,5.2732,5.2982,BRL
2025-11-14,5.2978,5.3153,5.2705,5.295,BRL
